Project, LC (t=100), LM(t=20), LPL(t=2), TMM(t=5), Total, Lifespan, Issues, LOC, Commits, Contributors, Stargazers
java-design-patterns,36,93,97,30,256,1569,180,64318,2743,196,41682
RxJava,959,3948,1130,670,6707,2147,29,343496,6524,324,36456
elasticsearch,3589,12329,10577,3068,29563,3212,1829,1490246,73023,1404,36282
spring-boot,654,539,1119,580,2892,2228,389,382812,19876,611,31331
retrofit,56,217,139,42,454,3002,70,25133,1759,154,30429
interviews,0,132,92,0,224,649,31,13903,438,35,30317
okhttp,156,637,392,152,1337,2316,170,72217,3928,220,29776
guava,471,1064,598,553,2686,1641,788,669615,6332,300,28230
MPAndroidChart,104,289,262,56,711,1675,1300,32250,2007,84,24980
spring-framework,2439,4311,4248,1598,12596,2909,179,930140,21524,384,24891
glide,223,389,487,179,1278,1966,143,79992,2557,149,24048
lottie-android,31,82,126,17,256,780,44,12705,1110,64,23272
incubator-dubbo,350,837,654,278,2119,2350,250,137141,3081,178,22649
butterknife,27,138,86,12,263,2091,83,12110,968,90,22571
leakcanary,19,46,41,16,122,1306,22,7374,632,69,21179
AndroidUtilCode,75,199,455,80,809,848,30,36786,961,29,21109
zxing,146,519,442,75,1182,2601,8,57910,3482,136,20766
EventBus,15,26,35,12,88,2323,98,7004,504,27,19748
proxyee-down,10,43,22,7,82,396,110,4038,476,16,18660
RxAndroid,2,10,2,2,16,1559,3,1451,475,69,17135
JCSprout,7,27,10,1,45,343,16,4043,615,23,16824
netty,785,2119,2950,795,6649,2938,443,344469,14456,482,16675
jadx,132,376,301,102,911,2078,146,48114,770,37,16608
Android-Universal-Image-Loader,25,41,107,18,191,2555,460,12331,1036,41,16359
picasso,21,54,91,23,189,2021,170,11094,1325,117,16207
Hystrix,156,520,355,82,1113,2197,302,65600,2343,145,15684
BaseRecyclerViewAdapterHelper,14,47,94,6,161,959,105,7788,928,47,15625
fastjson,223,603,734,181,1741,2579,803,170249,3572,108,15591
SmartRefreshLayout,58,211,306,31,606,541,59,19454,921,9,15260
fresco,322,617,842,199,1980,1364,69,99139,2321,280,15131
libgdx,796,1583,10822,704,13905,2298,325,339119,13439,587,14662
PhotoView,8,32,46,2,88,2322,102,1881,435,41,14303
gson,80,148,149,62,439,1347,385,33604,2727,99,14176
druid,551,3438,2217,307,6513,2579,1141,348474,5866,152,13898
JavaGuide,2,4,1,1,8,202,10,603,591,17,13603
tinker,96,318,494,54,962,810,95,39976,355,24,12771
Android-CleanArchitecture,5,2,9,4,20,1559,138,4478,256,11,12767
selenium,294,682,440,225,1641,2141,502,102117,23412,522,12608
Material-Animations,2,10,8,1,21,1358,15,1034,80,11,12241
plaid,43,96,148,18,305,1122,54,12753,1016,47,12134
zheng,112,64,286,92,554,782,27,33172,1238,15,11933
ExoPlayer,499,1292,1664,313,3768,1626,287,173490,6446,207,11719
jenkins,480,1122,1126,335,3063,2925,115,227066,29564,792,11611
incubator-weex,272,931,1117,158,2478,688,106,128071,10987,273,11158
SlidingMenu,10,29,47,11,97,2339,309,4147,357,30,11110
CircleImageView,1,3,4,1,9,1773,13,406,125,13,10916
Telegram,784,4120,3550,429,8883,1857,362,435163,318,13,10846
greenDAO,65,86,163,78,392,2591,160,24250,854,8,10769
AndroidSwipeLayout,3,26,56,3,88,1553,340,2840,183,24,10740
Signal-Android,259,621,923,161,1964,2537,273,96945,4593,209,10646
androidannotations,64,141,307,92,604,2515,64,58755,3043,83,10573
stetho,66,118,186,42,412,1403,44,22312,613,59,10491
bazel,2163,6767,7416,1464,17810,1627,1620,857074,20173,522,10489
java8-tutorial,4,27,0,6,37,1715,23,2752,149,12,10466
android-async-http,29,83,216,14,342,2835,242,10474,970,102,10345
logger,3,7,20,4,34,1346,42,1067,144,13,10272
kafka,626,1990,2073,712,5401,2659,531,293434,8068,631,10250
lottie-react-native,2,3,1,0,6,667,39,407,290,52,10214
realm-java,224,1121,631,169,2145,2410,436,118097,9009,104,10084
AndroidViewAnimations,1,4,2,2,9,1616,46,2981,140,21,10056
ViewPagerIndicator,14,46,38,14,112,2670,215,3325,312,36,9978
FizzBuzzEnterpriseEdition,0,3,3,0,6,2192,281,1387,161,36,9966
deeplearning4j,1370,4228,9560,1288,16446,1824,696,717063,43982,348,9855
MaterialDrawer,34,78,62,19,193,1394,1,11352,2140,98,9837
zipkin,118,204,143,100,565,2363,213,41986,3662,153,9836
HanLP,189,515,308,103,1115,1508,429,72066,1174,36,9763
bytecode-viewer,163,493,718,105,1479,1503,108,81765,262,21,9690
tutorials,515,1121,921,618,3175,2036,44,303224,10659,615,9550
android-Ultra-Pull-To-Refresh,15,44,90,10,159,1473,174,5686,183,12,9408
PocketHub,48,96,127,41,312,2635,123,22444,3410,143,9339
apollo,114,274,510,107,1005,996,152,45973,3325,50,9305
disruptor,38,101,186,15,340,2256,4,18040,1052,44,9226
react-native-navigation,32,56,181,59,328,989,281,17734,4772,264,9153
Android-ObservableScrollView,42,131,181,24,378,1478,176,14177,419,18,9137
storm,270,600,906,254,2030,2626,44,57639,2014,69,9080
mybatis-3,133,233,445,145,956,2110,131,76634,2766,138,9027
MaterialDesignLibrary,15,37,7,0,59,1517,262,2961,95,13,8909
VasSonic,34,80,67,16,197,481,2,9987,365,19,8824
Luban,5,11,4,2,22,854,74,1180,189,11,8792
Android-PickerView,12,50,45,6,113,1428,175,4886,461,22,8772
Android-PullToRefresh,11,34,36,5,86,2553,30,4929,479,26,8769
vert.x,300,1184,1051,292,2827,2718,174,135166,8255,251,8763
vlayout,35,110,224,25,394,636,100,15768,348,17,8725
Arduino,80,282,149,38,549,2991,1021,33539,6960,272,8659
recyclerview-animators,2,6,5,2,15,1434,92,1977,295,33,8636
Java,74,228,94,26,422,862,94,11303,670,146,8516
okhttp-OkGo,43,99,110,38,290,1045,311,19608,253,8,8490
HikariCP,44,117,73,22,256,1874,97,15112,2835,106,8484
presto,1547,4551,7087,1007,14192,2299,1467,676315,14885,347,8338
PermissionsDispatcher,10,101,18,6,135,1198,11,7736,685,28,8270
Matisse,17,36,52,9,114,591,226,5067,194,35,8260
hadoop,4766,17355,12760,3136,38017,1550,204,2130523,62632,295,8240
AppIntro,8,20,31,4,63,1271,67,2955,614,72,8186
JiaoZiVideoPlayer,14,39,41,15,109,1023,295,5458,1695,37,8103
AVLoadingIndicatorView,2,27,6,2,37,1128,62,2336,97,10,8102
AndroidSlidingUpPanel,4,19,37,3,63,2004,276,2737,361,62,8091
BottomBar,8,25,30,7,70,984,294,3545,790,47,8090
platform_frameworks_base,5812,19158,21296,3584,49850,3687,0,3085761,384553,2952,8077
Calligraphy,6,7,35,1,49,1801,137,1529,328,42,8046
GSYVideoPlayer,91,206,261,80,638,742,17,30397,962,7,8042
ARouter,13,32,18,7,70,711,20,5011,239,17,7991
RxTool,136,395,534,80,1145,792,108,55183,590,3,7963
spark,38,50,190,36,314,2761,210,17051,967,144,7889
mockito,153,166,178,175,672,2234,255,61075,5164,174,7881
uCrop,19,53,57,10,139,1055,91,5591,238,39,7851
HomeMirror,5,14,10,1,30,1190,36,2077,115,11,7844
symphony,113,439,298,23,873,2334,2,50588,6198,36,7719
MaterialViewPager,5,19,21,2,47,1311,183,1902,311,27,7706
Fragmentation,29,68,153,27,277,1006,91,10556,587,19,7676
FlycoTabLayout,6,25,28,3,62,1112,228,2927,41,2,7659
FileDownloader,57,96,161,42,356,1069,118,19698,785,9,7655
cheesesquare,2,1,1,0,4,1277,20,498,27,4,7643
Android_Data,0,1,2,1,4,1331,2,155,107,8,7576
pinpoint,577,1903,2654,440,5574,1497,102,351274,10481,100,7574
RxPermissions,2,5,3,2,12,1153,59,1118,223,22,7533
clojure,104,335,1018,104,1561,3071,6,49840,3639,180,7459
guice,184,750,346,136,1416,1642,316,81632,1846,89,7434
DanmakuFlameMaster,33,81,138,26,278,1932,205,11550,1173,30,7384
banner,4,16,18,2,40,947,163,2551,148,5,7349
jedis,74,213,1479,79,1845,3089,158,33062,2193,174,7331
webmagic,20,45,23,15,103,2042,262,15106,1221,45,7300
ActionBarSherlock,89,187,212,63,551,2820,90,34761,1645,76,7294
agera,54,43,44,46,187,1074,4,18171,160,10,7289
incubator-druid,1435,5715,2841,666,10657,2224,1195,568722,9758,330,7259
auto,65,258,110,53,486,2013,135,30730,996,85,7187
junit4,103,53,189,102,447,3603,120,37728,2524,187,7186
springboot-learning-example,0,4,12,1,17,657,14,5934,112,6,7160
Apktool,30,124,106,24,284,2442,133,14585,1747,64,7102
graal,62,126,747,43,978,1046,247,973531,34423,165,7095
glide-transformations,2,5,34,1,42,1416,17,1836,231,15,7010
MVPArms,25,33,80,28,166,841,4,11339,1003,15,7008
lombok,150,406,729,87,1372,3457,560,75618,2526,92,7002
redisson,337,1001,2393,371,4102,1779,209,163961,4402,80,6955
dagger,22,65,53,17,157,2306,61,11880,1832,101,6923
dropwizard,104,149,334,110,697,2867,111,58844,5293,408,6908
SimianArmy,71,177,144,58,450,2333,41,27737,801,65,6877
UltimateRecyclerView,61,149,226,52,488,1397,182,20635,826,17,6852
Android-Bootstrap,23,51,45,15,134,1850,29,13088,343,32,6835
android-gif-drawable,16,7,35,5,63,2125,24,4809,1099,19,6804
RxJava-Android-Samples,8,26,25,12,71,1586,9,3406,356,29,6794
tink,144,397,232,71,844,1633,28,45206,1297,43,6705
eureka,110,259,291,65,725,2313,87,44021,2659,99,6695
spring-boot-examples,2,8,18,3,31,750,11,4389,119,4,6676
easypermissions,8,5,27,6,46,1069,5,2629,178,28,6676
dbeaver,815,2464,3114,334,6727,1131,755,368544,10821,86,6674
PagerSlidingTabStrip,2,6,6,2,16,2039,227,724,31,6,6651
atlas,433,1156,1222,195,3006,635,55,259641,1611,33,6546
jsoup,63,173,87,62,385,3263,166,23927,1636,84,6541
StatusBarUtil,2,12,17,1,32,1014,71,1301,71,9,6514
material-theme-jetbrains,40,109,112,17,278,1159,11,28711,2297,45,6512
okhttputils,7,24,23,6,60,1196,218,2857,79,10,6477
AndroidAutoLayout,6,15,53,3,77,1102,132,3356,49,4,6461
zuul,55,141,198,41,435,2083,115,26099,840,66,6458
AndroidNote,3,8,3,1,15,1056,37,425,1433,4,6437
canal,221,593,389,109,1312,2142,24,75026,923,81,6436
hugo,1,5,2,3,11,1826,51,406,123,19,6423
UltimateAndroidReference,0,0,0,0,0,594,0,23,301,32,6414
VirtualAPK,26,55,108,18,207,514,31,8405,116,10,6411
RxLifecycle,8,35,0,18,61,1224,2,4938,312,21,6398
timber,4,18,42,5,69,1956,42,1841,375,45,6331
react-native-camera,16,67,80,13,176,1334,345,8554,1080,260,6328
WeChatLuckyMoney,2,13,2,3,20,1152,22,1085,226,13,6294
buck,2177,7512,4942,1195,15826,2048,426,839158,18011,557,6254
sweet-alert-dialog,4,12,5,1,22,1498,140,932,58,5,6244
hellocharts-android,55,85,126,27,293,1505,253,11371,825,18,6237
metrics,81,146,148,68,443,3194,152,22193,2834,245,6128
arthas,82,201,179,48,510,88,41,27583,419,22,6108
javapoet,28,90,34,32,184,2123,66,9685,796,79,6101
physical-web,26,60,62,17,165,1517,91,9942,1415,75,6065
xxl-job,15,61,43,10,129,1093,65,6976,1084,25,6015
sharding-sphere,137,146,475,122,880,1042,37,93016,10826,72,5956
SmarterStreaming,42,190,263,27,522,974,1,23363,1264,1,5947
spring-boot-admin,35,66,53,26,180,1584,19,18385,1557,86,5928
rocketmq,254,845,687,149,1935,725,46,96463,666,62,5912
DroidPlugin,43,172,268,27,510,1186,207,22243,229,28,5911
android-testing,2,8,10,4,24,1506,46,3753,190,34,5891
ion,29,121,77,20,247,2013,302,10637,832,39,5851
interview,47,395,309,17,768,1589,91,32131,805,30,5826
EffectiveAndroidUI,3,2,10,11,26,1605,5,3718,153,11,5816
QMUI_Android,81,256,427,46,810,583,103,35223,267,8,5815
TakePhoto,9,24,30,7,70,1209,336,3276,167,12,5766
SmartTabLayout,5,16,48,5,74,1380,91,3486,105,14,5748
OpenRefine,234,860,624,114,1832,2232,383,93480,4031,115,5746
JsBridge,2,5,7,1,15,1368,104,658,71,21,5739
AndroidAsync,67,196,214,57,534,2284,299,22708,981,61,5736
Mybatis-PageHelper,19,81,80,11,191,1630,36,10098,542,24,5734
solo,81,214,107,16,418,2420,6,32913,2542,40,5731
android-floating-action-button,2,11,4,2,19,1528,146,1065,157,12,5727
neo4j,1733,4897,5443,1827,13900,2204,211,753962,61442,240,5721
ListViewAnimations,24,26,62,18,130,2077,87,8938,654,27,5697
material,86,227,305,71,689,1447,212,28649,297,9,5657
LitePal,43,145,139,23,350,2104,30,20553,394,7,5594
elasticsearch-analysis-ik,10,28,17,4,59,2536,181,3137,260,37,5561
material-components-android,106,412,371,63,952,720,66,52137,1660,68,5556
android-gpuimage,18,33,73,12,136,2243,273,10582,402,37,5542
u2020,11,40,71,9,131,1837,14,6012,485,43,5539
dynamic-load-apk,11,15,29,10,65,1701,92,3301,163,15,5521
androidmvp,0,0,1,1,2,1698,0,474,38,12,5518
CoreNLP,1167,3997,3233,714,9111,1977,136,673974,15571,138,5505
springside4,59,84,92,47,282,2467,71,17902,1076,29,5479
Android-SpinKit,2,8,22,3,35,980,29,2397,90,13,5476
litho,271,1014,966,233,2484,667,73,138967,8524,326,5474
SwipeBackLayout,5,12,37,4,58,1918,96,2368,83,14,5470
MaterialEditText,3,22,24,4,53,1487,183,4122,239,23,5469
Android-Debug-Database,4,17,37,5,63,739,63,2670,288,16,5411
zookeeper,287,981,626,190,2084,3530,176,116701,3113,110,5407
ShowcaseView,5,12,20,3,40,2294,95,2913,530,43,5407
StickyListHeaders,7,11,32,6,56,2450,151,2284,414,50,5387
swagger-core,107,255,222,91,675,2700,316,55966,4051,259,5382
ShortcutBadger,2,10,22,1,35,1836,132,1196,200,41,5378
Mycat-Server,314,1146,843,154,2457,1452,511,122134,3060,151,5346
dex2jar,102,418,409,67,996,1350,184,41647,684,12,5345
gradle-retrolambda,6,19,4,1,30,1938,72,1885,338,25,5332
Timber,60,204,203,38,505,1262,172,23615,599,43,5319
j2objc,2482,8579,6241,1693,18995,1760,72,1339814,4308,102,5317
MagicIndicator,17,43,55,8,123,882,78,4538,154,3,5304
android-classyshark,24,87,61,12,184,1140,17,11595,609,16,5282
SpringCloudLearning,0,0,0,0,0,596,24,4056,50,4,5277
AndResGuard,21,61,38,17,137,1141,27,7120,393,22,5266
twoway-view,9,24,83,7,123,2137,168,3691,425,11,5266
AndroidImageSlider,5,38,33,7,83,1637,287,4743,128,16,5262
NumberProgressBar,1,2,1,1,5,1669,23,480,61,12,5244
rebound,15,46,41,11,113,1871,25,5380,185,16,5213
RePlugin,110,360,422,73,965,535,134,43566,540,34,5195
PictureSelector,50,159,148,29,386,690,322,19627,1191,6,5193
xUtils3,37,104,100,35,276,1124,449,14181,543,6,5174
otto,6,11,3,4,24,2342,18,2498,354,34,5166
RoundedImageView,4,14,13,3,34,2102,20,1612,258,23,5146
che,1715,4811,5038,1243,12807,1340,966,873924,9425,155,5121
InfiniteCycleViewPager,5,34,33,5,77,825,47,4048,89,5,5118
cas,297,654,1351,197,2499,2634,3,219427,22115,289,5114
BoomMenu,22,60,77,12,171,981,86,9640,195,5,5106
grpc-java,709,1513,799,564,3585,1448,375,271724,3565,163,5085
SystemBarTint,3,8,5,1,17,1834,38,983,64,5,5073
circular-progress-button,3,9,6,1,19,1632,31,1255,78,6,5066
SpringBoot-Learning,0,7,2,1,10,826,16,4585,265,6,5028
xUtils,39,89,151,28,307,1947,200,16146,772,3,5021
VirtualXposed,134,364,691,69,1258,359,25,48132,2009,68,5017
incubator-skywalking,116,296,714,139,1265,1114,96,87765,4558,110,5010
android-oss,113,184,145,185,627,713,4,38385,3999,25,5005
flink,2079,6648,5430,1254,15411,1632,399,925625,18967,669,4996
jib,91,195,107,51,444,307,102,35907,1530,28,4992
nokogiri,46,134,220,34,434,3786,185,17771,4574,182,4990
mosby,48,122,136,73,379,1341,17,28215,673,45,4958
VirtualApp,116,322,745,81,1264,872,136,47381,1189,52,4943
caffeine,143,330,298,121,892,1443,18,65642,1052,31,4904
android-job,47,129,97,37,310,1193,6,14227,501,26,4900
AgentWeb,37,105,168,26,336,562,82,13526,575,3,4900
epoxy,150,245,421,143,959,839,47,47390,315,30,4884
InstaMaterial,8,10,17,7,42,1476,30,2460,126,5,4862
lucida,109,320,119,40,588,1657,60,31396,2211,41,4858
android-common,60,96,220,36,412,2350,17,12237,300,9,4839
subsampling-scale-image-view,6,33,29,6,74,1917,23,4989,341,24,4838
VitamioBundle,21,51,75,12,159,2228,286,7865,133,7,4836
AndroidAutoSize,5,10,22,3,40,100,2,2862,281,3,4820
titan,243,648,738,160,1789,2465,191,86895,5064,66,4818
remusic,167,451,297,58,973,976,69,45651,129,4,4818
awesome-java-leetcode,0,13,6,0,19,587,4,2311,130,2,4811
Toasty,1,2,30,1,34,676,7,563,119,13,4808
cassandra,1351,4301,3858,990,10500,3475,111,464119,25256,372,4805
freeline,19,56,56,7,138,844,166,6003,411,24,4794
Side-Menu.Android,2,4,6,1,13,1412,23,493,58,10,4791
ImmersionBar,16,34,35,9,94,585,3,7102,66,2,4784
hsweb-framework,98,236,259,84,677,1042,3,63332,2144,26,4783
cardslib,123,280,345,49,797,1892,190,42375,652,15,4780
ZhihuDailyPurify,3,8,9,8,28,1650,0,1700,386,3,4778
zaproxy,628,1510,1058,315,3511,1271,651,224075,7865,135,4772
quickstart-android,37,104,70,24,235,943,33,10881,727,61,4770
RippleEffect,2,4,4,1,11,1503,52,728,111,12,4765
vjtools,89,174,108,53,424,180,20,22475,355,29,4746
antlr4,179,572,569,127,1447,3216,368,78288,7812,203,4739
material-calendarview,8,15,28,9,60,1385,74,5364,571,47,4734
AndroidStaggeredGrid,6,50,33,7,96,1812,107,4068,123,26,4730
async-http-client,123,299,311,88,821,2820,39,39698,5379,212,4724
AndPermission,8,21,17,11,57,805,44,4950,163,10,4720
motan,108,270,228,70,676,949,327,47266,437,37,4719
cw-omnibus,306,784,804,242,2136,2449,1,127236,1075,4,4717
DiskLruCache,4,19,9,2,34,2516,21,2079,139,14,4707
sqlbrite,10,25,21,7,63,1375,6,4564,316,35,4702
BookReader,99,287,291,73,750,844,25,37558,444,9,4677
gitpitch,21,54,82,18,175,872,14,8370,209,9,4673
haven,18,52,35,13,118,634,118,5704,691,46,4670
Java-WebSocket,27,95,103,26,251,3231,28,18150,861,68,4664
facebook-android-sdk,219,683,453,117,1472,3121,1,73899,775,96,4661
acra,30,51,123,18,222,2257,12,13586,1321,49,4652
NewPipe,87,244,280,70,681,1179,556,29479,3935,390,4642
scribejava,25,100,134,16,275,3003,3,13835,926,128,4640
ActiveAndroid,14,22,18,14,68,2201,324,4248,285,36,4630
ansj_seg,45,136,80,23,284,2272,46,15731,779,40,4605
wechat,93,391,294,49,827,1280,39,36564,77,5,4593
react-native-image-picker,4,17,13,3,37,1266,307,2043,549,100,4583
XRecyclerView,6,55,25,6,92,1103,236,5029,119,11,4579
AndroidPerformanceMonitor,8,19,14,6,47,1043,33,2915,182,16,4569
graylog2-server,431,1061,1178,443,3113,3114,669,186812,15631,104,4563
android-interview-questions,0,0,0,0,0,504,6,5,214,34,4546
closure-compiler,797,3954,2058,572,7381,1684,767,433419,13606,932,4535
PiggyMetrics,1,10,6,0,17,1337,7,3446,265,14,4508
processing,238,1281,1382,139,3040,2131,513,132963,26699,144,4497
go-lang-idea-plugin,104,269,459,107,939,3010,424,67918,6835,90,4497
Small,22,79,64,10,175,1094,246,7391,948,26,4481
gocd,940,1954,2646,1003,6543,1808,851,383966,8029,194,4481
moshi,37,137,71,31,276,1569,39,17462,699,47,4481
FloatingActionButton,10,48,30,6,94,1345,224,2756,155,10,4468
SimplifyReader,105,364,224,68,761,1196,39,43381,47,10,4459
android-volley,22,39,63,9,133,2014,70,7911,1944,55,4449
mit-deep-learning-book-pdf,0,0,0,0,0,597,6,2,14,3,4448
NineOldAndroids,27,55,35,14,131,2544,42,9856,146,10,4445
FlowLayout,2,11,21,1,35,1185,107,995,40,10,4444
jna,271,611,1283,179,2344,2767,45,138111,3963,199,4393
Depth-LIB-Android-,13,23,74,10,120,942,10,3910,42,9,4381
ctci,13,96,103,16,228,2075,76,13191,337,48,4353
disconf,50,127,175,20,372,1640,180,23683,1165,16,4344
NavigationTabBar,9,24,31,3,67,971,47,2684,86,10,4330
barcodescanner,9,26,15,9,59,1735,187,2975,201,35,4324
coursera-android,36,181,149,49,415,1785,29,20702,73,6,4310
elastic-job-lite,34,45,85,50,214,1171,97,25327,1603,34,4305
android-bootstrap,16,23,61,19,119,2272,40,5765,238,23,4300
android-times-square,7,16,21,3,47,2125,25,2565,351,61,4294
Activiti,300,1260,1187,303,3050,2264,217,184063,8743,261,4285
elasticsearch-sql,36,151,161,34,382,1554,156,18604,921,55,4269
blade,45,95,87,53,280,1264,16,22271,1280,33,4267
robolectric,392,716,1250,357,2715,3011,415,152765,10047,641,4265
richeditor-android,2,2,3,1,8,1336,143,602,122,18,4258
HTextView,14,40,32,3,89,1072,25,3358,141,14,4258
android-advancedrecyclerview,78,154,360,71,663,1401,156,28008,742,21,4254
Transitions-Everywhere,32,84,151,13,280,1502,4,12300,289,9,4229
DiscreteScrollView,10,13,44,9,76,632,35,3723,96,5,4229
folding-cell-android,2,12,15,1,30,968,23,1032,103,11,4225
android-crop,6,14,22,6,48,1718,122,1847,217,25,4225
nanohttpd,19,58,69,17,163,2298,116,11044,611,85,4225
error-prone,455,1313,660,331,2759,1557,271,187425,4044,219,4219
spring-mvc-showcase,3,5,6,12,26,2732,16,2266,73,11,4213
dialogplus,3,7,23,1,34,1444,33,1313,179,12,4206
jsonschema2pojo,69,115,174,53,411,1982,99,24214,1191,103,4146
SmoothProgressBar,7,17,13,6,43,1824,28,2200,169,16,4136
AndroidPicker,30,86,89,16,221,1131,96,11225,342,15,4123
TapTargetView,4,10,27,4,45,805,9,2119,164,23,4121
UltraViewPager,7,10,22,5,44,606,36,2348,87,10,4108
k-9,246,758,842,215,2061,2851,872,100987,10014,268,4101
useful-java-links,20,76,4,15,115,1016,1,7653,689,42,4086
AndroidPdfViewer,11,25,39,11,86,906,292,4216,90,13,4085
CtCI-6th-Edition,13,169,222,24,428,1242,78,23992,405,25,4085
baseAdapter,7,8,42,2,59,1210,112,2103,12,3,4084
smile,372,1020,814,183,2389,1466,29,142814,1555,46,4075
bottomsheet,9,17,34,4,64,1312,49,2786,172,25,4049
checkstyle,423,935,542,381,2281,1912,486,239801,9961,232,4037
Douya,129,221,882,145,1377,1028,11,59133,1283,1,4034
Android-Iconics,43,25,79,7,154,1485,0,15580,887,34,4020
cameraview,6,20,12,7,45,843,169,3456,78,17,4010
Android-ConvenientBanner,3,6,10,2,21,1433,46,1000,86,7,3999
RIBs,23,55,115,20,213,418,40,16661,253,29,3997
dexposed,4,17,48,2,71,1244,20,3002,85,9,3992
Android-Image-Cropper,14,74,75,7,170,1410,149,6904,596,59,3991
WilliamChart,30,48,37,13,128,1575,21,7681,497,12,3987
RxJava2-Android-Samples,2,43,1,3,49,820,10,3643,167,20,3964
aeron,233,890,815,166,2104,1752,26,85657,8743,67,3958
Fast-Android-Networking,51,277,112,34,474,979,114,19506,645,14,3957
Compressor,1,5,4,1,11,890,62,452,50,9,3957
jjwt,18,29,36,13,96,1534,66,10404,399,31,3949
aurora-imui,44,143,155,23,365,712,38,17747,1138,22,3948
config,39,91,144,39,313,2546,155,15693,973,87,3935
packer-ng-plugin,9,19,12,7,47,1097,5,2099,221,7,3925
Phoenix,2,10,8,3,23,1413,14,986,72,10,3910
APIJSON,138,286,415,92,931,734,8,44753,1311,7,3888
walle,16,52,47,8,123,684,37,6304,2,1,3872
roboguice,208,607,432,153,1400,2296,149,79017,2682,74,3866
SwitchButton,3,15,5,2,25,1538,21,1490,163,8,3861
zeppelin,350,1196,860,254,2660,1341,59,130452,5019,382,3859
joda-time,267,581,510,225,1583,2750,22,125030,2166,87,3830
bilibili-android-client,126,115,98,48,387,907,7,28451,487,3,3829
BGARefreshLayout-Android,22,58,70,24,174,1277,89,6166,172,3,3826
AndroidWiFiADB,6,1,3,6,16,1134,19,1535,184,7,3824
spring-boot-api-project-seed,2,9,2,3,16,520,63,617,108,4,3818
angel,357,1644,1755,261,4017,579,48,179178,1632,56,3811
otter,207,604,362,132,1305,1934,159,85687,121,20,3808
FastHub,161,301,638,173,1273,645,193,50546,1911,110,3793
CalendarView,35,94,148,25,302,624,126,13832,237,8,3792
RecyclerViewSnap,2,10,10,1,23,816,2,873,87,4,3788
MaterialDateTimePicker,23,63,82,11,179,1422,42,9598,442,34,3769
MagicCamera,47,181,52,22,302,1052,86,15492,36,3,3769
alluxio,1071,2551,1282,766,5670,2165,25,416148,29791,1062,3762
from-java-to-kotlin,0,0,0,0,0,553,4,42,110,30,3741
MultiType,6,12,11,3,32,844,1,3980,327,6,3738
ssm,0,1,4,0,5,890,18,602,38,9,3725
android-zxingLibrary,10,24,15,4,53,852,170,2876,76,9,3695
android-autofittextview,2,4,14,1,21,2841,53,739,61,5,3677
orientdb,1095,4880,4174,990,11139,2177,1263,554648,22051,184,3674
android-tips-tricks,0,0,0,0,0,822,3,23,243,11,3673
RxJavaSamples,0,9,6,0,15,976,21,1103,24,6,3667
android-iconify,11,3,12,2,28,1992,64,6392,313,15,3665
jstorm,671,1781,1909,510,4871,1909,200,253939,349,49,3661
Blurry,2,4,7,1,14,1221,58,595,107,7,3660
feign,61,102,150,60,373,1978,115,22628,945,134,3654
Bolts-Android,11,87,21,6,125,1760,25,5042,194,21,3615
PLDroidPlayer,20,60,28,15,123,1272,195,5237,113,13,3606
h2o-3,572,2313,2237,412,5534,1728,83,220033,28338,188,3599
BottomNavigation,12,21,42,6,81,981,27,3114,169,11,3592
ideavim,71,258,672,49,1050,2818,24,50624,1804,47,3587
SwipeRecyclerView,13,43,50,6,112,844,58,6643,65,8,3586
cachecloud,187,517,1890,120,2714,1034,95,72784,401,12,3580
flyway,73,131,207,46,457,2172,184,31822,2496,120,3562
CoordinatorTabLayout,1,4,3,0,8,667,16,695,76,2,3556
Sentinel,81,235,240,50,606,235,66,34972,209,18,3554
NoHttp,36,58,92,17,203,1215,50,14962,209,6,3549
Dexter,6,4,11,8,29,1104,36,2848,292,37,3546
react-native-video,9,27,24,5,65,1335,457,3380,925,144,3539
chuck,7,10,12,4,33,656,42,2307,139,6,3515
StepView,5,18,10,1,34,886,36,1581,106,5,3509
ViewPagerCards,0,1,3,0,4,827,9,317,20,2,3505
LoadingDrawable,16,40,8,11,75,953,7,4443,46,3,3499
rest-assured,129,199,362,142,832,2957,219,63255,1758,82,3496
Android-skin-support,38,95,230,10,373,682,96,14027,472,7,3496
hibernate-orm,2184,6647,5403,1003,15237,2974,104,885006,14727,478,3494
ShineButton,4,8,16,1,29,873,21,1135,104,6,3494
react-native-push-notification,5,17,2,2,26,1077,458,1489,368,75,3491
openhab1-addons,1367,3456,2457,570,7850,1892,302,621506,9782,562,3484
algs4,132,188,223,115,658,1182,15,45634,132,6,3478
retrolambda,15,24,70,13,122,1954,21,5065,546,18,3468
Context-Menu.Android,4,7,10,4,25,1412,14,1092,100,13,3454
sticky-headers-recyclerview,3,6,18,1,28,1514,77,1041,124,16,3432
emojicon,10,6,30,4,50,1772,76,4346,151,17,3419
grafika,50,133,67,24,274,1802,40,11627,67,3,3418
android-mvp-architecture,14,23,30,17,84,667,29,6692,160,13,3417
parceler,13,26,127,10,176,1971,21,13033,517,25,3410
Store,25,54,114,27,220,726,30,14082,349,55,3397
ahbottomnavigation,7,13,43,6,69,983,121,2947,241,21,3392
GT,204,684,460,89,1437,1047,37,67154,74,11,3391
TwinklingRefreshLayout,16,45,68,16,145,998,99,6216,71,2,3391
mapdb,9,63,18,10,100,2291,113,6726,2491,51,3391
SwipeMenuListView,5,10,15,2,32,1554,134,1436,72,12,3389
PageIndicatorView,15,43,38,8,104,827,22,4110,305,18,3389
ImagePicker,13,33,56,5,107,1033,145,4298,143,14,3388
socket.io-client-java,8,65,3,9,85,2037,251,3829,298,14,3386
android-butterknife-zelezny,5,15,15,2,37,1798,50,1999,84,11,3380
Launcher3,178,603,689,117,1587,544,88,71897,19728,213,3375
Android-IMSI-Catcher-Detector,37,132,76,17,262,1828,144,13734,3429,141,3355
opentsdb,225,1017,298,175,1715,3012,443,100274,2163,157,3342
quasar,182,510,619,157,1468,2069,79,75064,3375,26,3342
pipeline,147,501,336,78,1062,1236,3,62661,5150,20,3333
SeeWeather,10,29,16,8,63,1009,5,4113,168,9,3324
MaterialSearchView,4,28,34,4,70,1168,151,1401,69,10,3324
google-authenticator,18,38,26,9,91,1509,146,5054,214,36,3320
netty-socketio,17,38,92,13,160,2509,222,8346,816,42,3315
Magisk,31,80,65,16,192,808,41,8519,2298,119,3315
ExpandableTextView,2,4,6,1,13,1653,38,538,39,7,3306
CloudReader,74,151,170,42,437,735,6,22326,505,5,3291
StylishMusicPlayer,24,51,31,23,129,803,20,6730,79,5,3288
ExplosionField,1,2,4,1,8,1159,21,393,15,3,3287
incubator-heron,309,803,801,211,2124,1157,387,113030,5479,117,3284
ActionBar-PullToRefresh,10,38,25,11,84,2000,68,4668,401,19,3272
android-priority-jobqueue,94,252,194,78,618,1619,130,16386,495,20,3268
actor-platform,410,1068,1398,231,3107,1253,319,168877,63,2,3267
Conductor,45,134,144,37,360,984,88,12974,300,31,3263
android-stackblur,3,9,7,0,19,1928,17,992,72,11,3257
archi,6,10,9,2,27,1171,10,2314,44,6,3253
mybatis-plus,57,108,226,46,437,829,16,28253,2804,77,3253
atmosphere,102,313,363,111,889,3070,29,50254,10252,165,3252
JFoenix,101,241,126,44,512,1174,52,31191,1199,59,3249
ticker,5,12,16,4,37,863,9,1878,59,6,3247
crawler4j,19,56,23,3,101,2521,139,7153,440,41,3231
JsonPath,42,66,165,55,328,2862,156,17338,804,50,3229
JKeyboardPanelSwitch,9,18,25,5,57,1243,48,2669,195,4,3222
ASimpleCache,7,12,24,7,50,1946,33,2324,21,4,3221
RecyclerViewPager,10,24,23,3,60,1408,118,2594,193,31,3217
DeepLinkDispatch,7,23,24,5,59,1263,36,3378,262,40,3212
hackpad,220,971,926,136,2253,1199,40,112606,43,9,3208
drag-sort-listview,12,47,53,4,116,2368,62,4847,174,12,3203
XCL-Charts,127,329,339,83,878,1630,4,37866,173,4,3198
CircleIndicator,5,4,27,3,39,1579,11,1334,91,8,3196
rabbitmq-tutorials,0,43,38,1,82,2987,2,1969,850,90,3194
CircleProgress,5,13,8,3,29,1487,76,1588,78,17,3192
GeekNews,35,75,88,20,218,840,42,13674,101,5,3191
zxing-android-embedded,19,43,38,15,115,2188,130,6701,1241,43,3186
LoganSquare,17,55,128,5,205,1377,83,8946,143,9,3167
afinal,21,55,110,15,201,2230,63,11177,123,7,3162
smali,155,520,467,71,1213,2254,99,85949,1838,31,3152
mybatis-generator-gui,10,24,30,4,68,931,76,2768,200,23,3151
springfox,63,102,149,61,375,2394,366,40896,3795,174,3145
GalleryFinal,22,69,81,13,185,1161,117,9584,120,5,3140
sonarqube,1268,2065,3260,1456,8049,2881,7,645015,28054,102,3129
hawk,5,6,2,5,18,1375,34,1064,281,23,3127
FirebaseUI-Android,49,100,132,34,315,1235,48,16552,1596,90,3116
spring-security-oauth,156,305,256,87,804,2679,625,59668,1365,115,3114
shimmer-android,4,5,5,2,16,1367,1,705,78,14,3111
Android-Tips,0,3,0,0,3,1172,1,204,144,19,3101
DropDownMenu,2,5,9,0,16,1251,50,597,123,2,3079
SpringCloud-Learning,0,0,1,0,1,826,9,1950,68,6,3076
react-native-svg,22,50,49,6,127,1043,224,7422,1114,100,3072
JSON-java,11,52,7,9,79,2896,13,7183,334,33,3071
Conversations,120,494,390,92,1096,1766,331,54505,5483,140,3069
floatingsearchview,8,33,28,4,73,1099,69,4311,295,12,3068
native-navigation,13,44,97,16,170,800,71,5319,143,23,3066
Crouton,5,12,27,3,47,2305,6,2311,429,37,3064
malmo,64,219,117,28,428,922,93,20509,1729,39,3062
Music-Player,3,3,6,2,14,933,0,1146,67,3,3058
bitcoinj,251,795,542,205,1793,1832,257,120676,3602,124,3058
robospice,58,137,131,36,362,2258,87,18387,2287,38,3048
Sunshine-Version-2,11,37,24,5,77,1361,259,2631,168,4,3046
BGABanner-Android,5,15,30,2,52,1492,65,2452,138,4,3043
keycloak,1061,2905,3624,831,8421,1972,44,506875,12668,379,3035
animate,3,14,12,2,31,1105,5,2166,18,1,3018
termux-app,30,109,65,21,225,1129,249,9745,506,30,3008
android-viewbadger,3,6,6,1,16,2616,17,776,23,1,3001
RecyclerViewItemAnimators,3,28,13,3,47,1556,9,2699,40,3,3000
AndEngine,173,193,1249,87,1702,2560,118,40624,2144,34,3000
MagicaSakura,22,33,92,4,151,885,20,6878,62,8,2995
Android-ZBLibrary,88,132,214,57,491,1193,7,20935,429,4,2995
AndroidViewHover,2,3,24,1,30,1570,18,743,34,5,2993
LayoutManagerGroup,10,17,30,3,60,211,21,3161,109,4,2992
Android-Week-View,4,22,13,1,40,1530,165,2387,213,15,2989
spring-security,560,932,597,401,2490,2511,891,228675,8469,271,2982
Robust,11,38,47,3,99,621,44,3434,345,9,2967
generator,125,1515,195,87,1922,2114,6,91692,976,25,2966
libsvm,8,42,25,5,80,1902,88,3683,1048,41,2963
gephi,428,1228,684,180,2520,2591,414,175508,4646,81,2951
BadgeView,2,21,20,1,44,655,35,1607,59,4,2930
FadingActionBar,3,5,15,1,24,2010,87,2308,125,4,2924
android-saripaar,21,44,39,6,110,2269,65,11769,303,12,2919
Android-Material-Examples,3,10,10,0,23,1504,9,999,83,3,2916
anthelion,174,483,400,58,1115,1125,4,51497,7,4,2915
DraggablePanel,8,9,24,7,48,1687,57,3847,385,10,2912
FlyRefresh,7,19,25,3,54,1277,5,1919,43,4,2901
groovy,498,1504,3155,446,5603,1319,19,284631,28259,347,2900
BigImageViewer,6,25,28,7,66,749,17,3344,96,11,2898
spring-cloud-netflix,88,130,200,61,479,1598,307,43749,6349,201,2893
99-problems,0,14,10,1,25,1099,7,3195,224,9,2891
FlexibleAdapter,58,129,190,48,425,1303,21,24276,983,21,2890
Nuwa,0,0,3,0,3,1110,65,188,19,1,2878
AndroidVideoCache,9,11,24,17,61,1334,90,4195,93,7,2873
JamsMusicPlayer,134,548,414,56,1152,1607,28,61066,79,4,2862
hazelcast,1600,3051,4789,1536,10976,2440,706,944505,28706,263,2861
StickerCamera,50,123,245,29,447,1239,46,21710,53,4,2851
javacv,68,287,220,36,611,1679,95,24695,435,56,2841
android-process-button,4,6,13,1,24,1668,25,940,82,4,2836
AlgoDS,20,292,181,5,498,709,6,25078,603,16,2834
MultiImageSelector,6,14,14,4,38,1327,90,1459,29,3,2832
jersey,999,1761,2164,624,5548,2382,552,476891,3284,107,2832
spruce-android,5,10,16,5,36,640,3,3517,194,10,2825
xmall,135,84,280,95,594,485,10,37366,154,2,2824
android-percent-support-lib-sample,2,2,5,1,10,1248,1,381,36,2,2816
TextDrawable,4,5,6,3,18,1498,51,779,11,1,2811
PreviewSeekBar,4,4,14,5,27,670,6,1261,174,3,2795
network-connection-class,4,4,4,3,15,1348,20,860,20,5,2793
tcc-transaction,27,68,102,15,212,1086,159,7259,173,8,2775
GsonFormat,18,61,57,10,146,1486,43,7069,98,11,2771
Mapper,70,150,137,22,379,1465,173,27751,649,24,2767
smartTable,40,119,309,15,483,382,58,16440,170,3,2766
http-request,4,44,25,2,75,2592,69,6557,471,16,2765
PhotoPicker,8,23,35,2,68,1249,107,2983,313,30,2763
vavr,200,202,838,220,1460,1760,62,102835,4326,100,2754
objectbox-java,36,97,150,37,320,670,115,16141,720,4,2745
aws-sdk-java,11263,25089,2363,8852,47567,3170,130,6389975,1913,185,2743
android-flip,15,38,43,7,103,2378,82,4920,114,6,2739
AndroidResideMenu,1,4,12,1,18,1807,92,953,76,14,2738
ScalingLayout,1,4,7,1,13,420,7,712,30,6,2738
spring-petclinic,2,1,5,4,12,2146,12,2131,670,58,2734
graphql-java,118,158,365,105,746,1238,42,39241,1729,136,2732
reactive-streams-jvm,32,107,26,27,192,1731,12,10730,488,33,2731
react-native-splash-screen,0,1,0,0,1,802,195,202,131,41,2729
sofa-jarslink,1,8,25,1,35,296,6,1848,118,6,2728
android-adDialog,6,16,12,2,36,845,20,1891,20,2,2724
jodd,420,1103,1072,357,2952,2270,4,170602,5140,56,2721
android-betterpickers,47,160,182,16,405,2075,109,19306,586,51,2720
tomcat,1115,3303,2330,562,7310,2612,12,468249,23037,39,2719
Dragonfly,15,39,72,8,134,375,37,6647,409,29,2715
paascloud-master,79,125,149,51,404,253,35,48154,96,9,2711
LeafPic,41,116,128,28,313,1053,61,16118,1369,46,2706
jOOQ,400,878,4747,310,6335,2779,1497,360129,6939,85,2701
flow,8,26,24,10,68,1900,37,4591,353,31,2700
boxing,23,43,66,14,146,672,18,7897,107,3,2694
FastDev4Android,55,142,196,29,422,1130,9,23876,122,2,2693
VideoPlayerManager,7,42,55,15,119,1235,78,5267,73,4,2691
GuideView,4,12,9,1,26,889,21,1664,28,1,2690
yuicompressor,9,54,19,4,86,3642,142,6520,525,51,2689
weiciyuan,196,635,530,99,1460,2313,62,63558,3135,5,2688
MarqueeView,3,7,14,2,26,907,26,778,71,9,2686
simplify,66,129,173,61,429,1774,13,21482,1082,7,2684
learning-spark,3,17,3,1,24,1623,21,2242,416,8,2683
android-menudrawer,13,55,52,8,128,2276,27,5823,216,11,2677
EhViewer,124,425,402,74,1025,1656,157,46277,2403,26,2677
blurkit-android,1,5,3,1,10,749,3,693,82,9,2674
cropper,4,14,33,2,53,1950,102,1603,84,11,2671
jfinal,100,214,458,69,841,2405,37,39612,513,21,2670
JazzyViewPager,1,6,15,1,23,2123,44,663,26,5,2665
pulsar,596,2414,1509,421,4940,880,223,269720,3113,87,2660
Android,2,12,14,1,29,1910,36,2512,57,4,2659
android,250,886,592,164,1892,2283,384,52017,8321,98,2652
requery,76,184,256,84,600,1107,120,39955,830,30,2651
GuillotineMenu-Android,1,4,2,1,8,1259,6,367,44,8,2650
DDComponentForAndroid,4,17,20,2,43,444,21,2178,163,7,2650
android-maps-utils,38,84,88,30,240,2018,144,15858,787,67,2647
vespa,2167,4787,5420,1854,14228,905,57,694776,23418,64,2644
SuperTextView,7,31,21,3,62,767,10,5171,196,6,2636
storio,157,304,143,114,718,1548,39,45055,1092,25,2632
CustomActivityOnCrash,3,9,4,2,18,1605,17,1179,98,8,2623
GreenDroid,24,31,65,12,132,3123,54,9005,69,10,2623
Highlight,3,11,24,3,41,1144,59,1317,64,5,2622
SuperRecyclerView,4,31,29,4,68,1445,79,2764,49,9,2622
junit5,176,177,533,231,1117,1414,191,88030,8353,114,2620
frontend-maven-plugin,9,23,34,3,69,1913,223,2851,569,100,2620
MinecraftForge,278,668,1356,105,2407,2491,149,116367,8328,359,2605
ViewpagerTransition,2,7,10,1,20,797,2,640,49,2,2605
javacpp,31,113,589,67,800,1679,19,24390,591,27,2605
scalpel,1,4,4,0,9,1784,10,609,59,6,2602
pinned-section-listview,2,7,10,2,21,2023,27,647,88,13,2600
java-learning,5,45,9,5,64,1020,5,16434,73,3,2597
ActivityRouter,4,10,17,3,34,961,32,1190,113,8,2597
XChange,446,1112,2307,211,4076,2488,204,222543,7454,338,2595
MSEC,438,866,187,301,1792,727,32,159035,201,5,2588
StickyHeaderListView,5,17,27,3,52,947,7,2569,63,2,2588
RichText,18,34,63,6,121,1223,57,5759,165,4,2580
MasteringAndroidDataBinding,0,2,5,1,8,1272,24,696,79,8,2580
wire,159,254,146,85,644,1922,41,45194,1473,64,2571
SuperToasts,8,27,29,5,69,2001,38,4036,316,5,2569
ExpectAnim,4,9,27,5,45,643,11,2666,87,7,2567
T-MVP,14,30,54,8,106,930,5,5300,173,5,2567
MarsDaemon,5,14,11,5,35,1066,43,1341,4,2,2564
sugar,22,41,28,26,117,2662,293,7822,525,79,2561
yanxuan-weex-demo,44,13,13,2,72,446,15,19939,346,6,2558
LintCode,3,90,46,2,141,1310,1,77794,339,8,2557
ice,19,51,76,4,150,1990,104,6997,256,53,2550
bisq,259,1050,940,167,2416,1719,304,139207,7288,144,2547
WoWoViewPager,14,77,97,16,204,997,5,9943,137,4,2545
ProgressWheel,2,5,3,1,11,2486,9,554,93,25,2544
DeepLearning,6,24,32,2,64,2154,26,1226,106,2,2543
SmartCropper,2,10,10,1,23,479,3,1034,54,6,2542
XhsEmoticonsKeyboard,24,60,94,15,193,1360,26,5682,27,4,2541
CoordinatorBehaviorExample,1,1,3,1,6,1197,25,196,31,5,2539
android-pulltorefresh,1,5,2,1,9,2877,41,384,109,18,2532
elasticsearch-jdbc,27,89,56,29,201,2367,416,11735,566,52,2532
android-pathview,4,5,7,2,18,1405,8,1080,82,11,2525
FastBle,16,40,43,8,107,824,108,4179,143,5,2523
rstudio,632,2634,1950,469,5685,2910,908,266185,25340,87,2521
Gadgetbridge,140,402,354,100,996,1420,338,59370,3987,184,2517
jvm-serializers,95,174,139,48,456,3136,9,25638,536,48,2517
ChipsLayoutManager,21,40,58,16,135,844,30,8088,505,7,2517
SwipeDelMenuLayout,3,17,5,1,26,822,36,1071,124,3,2513
LQRWeChat,67,184,145,37,433,656,24,19687,19,3,2508
dex-method-counts,3,15,6,3,27,1666,14,1501,49,15,2508
greys-anatomy,45,152,137,14,348,2195,59,12094,660,16,2505
spring-cloud-microservice-example,1,1,0,1,3,1285,21,1229,51,9,2504
ThreeTenABP,0,0,0,0,0,1241,8,139,56,9,2502
Material-Movies,5,10,29,7,51,1394,18,3485,219,5,2502
ribbon,81,213,145,42,481,2140,156,29438,839,52,2502
cordova-android,23,54,73,18,168,2188,40,7271,4107,214,2488
android-pdfview,5,17,26,9,57,2195,137,3580,92,10,2487
cryptomator,22,30,36,14,102,1757,107,6617,1249,23,2485
robotium,25,65,124,9,223,3272,86,9675,1198,50,2483
CircularFloatingActionMenu,7,18,10,3,38,1589,91,2038,49,3,2480
study,77,220,328,62,687,1368,7,30349,97,4,2471
ShimmerRecyclerView,2,5,4,0,11,691,5,819,59,11,2461
SSM,40,23,88,30,181,887,1,11383,442,6,2460
FastAdapter,49,64,168,44,325,1063,3,15173,1533,45,2457
FreeFlow,13,32,35,4,84,1874,33,5021,325,12,2455
Algorithms,5,20,31,26,82,1477,10,10699,415,12,2452
material-intro-screen,5,46,39,7,97,804,75,5018,108,5,2452
android-vision,32,80,43,14,169,1243,266,10399,76,18,2444
Terasology,503,985,1682,391,3561,2823,415,241390,9681,301,2444
spring-data-examples,15,43,29,17,104,1760,31,92099,453,25,2440
FloatWindow,6,11,7,6,30,376,46,1551,37,6,2436
material-menu,3,11,9,3,26,1599,6,1114,118,7,2435
SlidingRootNav,2,2,6,3,13,609,18,1106,19,5,2433
LikeButton,3,4,13,2,22,1068,16,1025,127,10,2433
cobar,170,622,254,87,1133,1775,49,89934,63,19,2432
java-algorithms-implementation,119,265,236,78,698,1831,18,30786,855,31,2431
binnavi,845,2706,3517,447,7515,1194,23,455685,301,21,2420
hover,24,30,31,17,102,1077,22,7491,145,4,2418
cglib,41,120,792,36,989,1702,43,19134,852,26,2417
airpal,11,40,74,5,130,1665,85,6634,597,36,2412
ViewServer,2,9,2,4,17,2698,7,772,26,8,2410
jmeter,527,1218,764,287,2796,3105,12,195055,22565,38,2404
DiagonalLayout,2,3,3,1,9,772,6,402,66,10,2401
NiftyDialogEffects,1,2,0,1,4,1578,3,866,96,11,2397
CircularReveal,6,12,25,1,44,1468,21,2464,92,15,2396
byte-buddy,36,42,68,13,159,1826,24,218971,5033,50,2394
AndroidTreeView,3,25,18,3,49,1383,107,2503,57,7,2390
SuperCalendar,9,20,32,6,67,563,64,2309,162,8,2389
MusicDNA,208,529,316,61,1114,939,12,89704,349,10,2385
hbase,1978,7436,6464,1352,17230,1647,6,870384,43016,382,2382
MaterialChipsInput,8,20,18,6,52,591,102,2388,24,2,2381
failsafe,21,34,39,24,118,1244,50,8423,354,17,2380
Grav,2,6,18,2,28,603,15,1397,51,3,2380
libstreaming,23,70,26,10,129,2125,220,7864,125,13,2376
AndroidProcess,6,8,6,4,24,1041,13,2829,71,2,2376
NullAway,43,118,142,27,330,450,32,14701,254,10,2371
languagetool,285,913,831,114,2143,1935,272,135475,28798,135,2371
GCViewer,82,185,95,41,403,2590,54,23942,683,47,2369
materialish-progress,2,10,4,1,17,1471,17,797,45,5,2366
moco,38,36,88,58,220,2229,99,19153,2410,33,2360
ChatKit,10,13,41,7,71,661,52,6014,295,24,2360
KenBurnsView,2,4,7,2,15,1712,10,877,113,10,2359
sensey,9,17,19,10,55,1109,21,4022,243,3,2357
react-native-fast-image,3,5,13,0,21,591,101,779,387,38,2355
500px-android-blur,2,3,0,0,5,1353,25,271,23,5,2355
Telecine,5,12,15,5,37,1495,37,1705,271,32,2345
beam,1414,3734,2826,940,8914,1027,82,542069,19575,545,2339
api-samples,22,56,8,0,86,1812,167,4394,467,20,2336
ZoomHeader,2,5,10,2,19,719,5,645,19,2,2329
google-services,7,19,11,6,43,1285,44,1937,629,44,2328
TheFatRat,204,539,1721,152,2616,854,36,98493,625,11,2322
Lawnchair,147,558,686,110,1501,632,337,64247,19518,244,2316
Android-ItemTouchHelper-Demo,0,0,5,0,5,1260,43,544,13,1,2312
android-material-design-icon-generator-plugin,2,12,2,1,17,1426,13,1038,120,14,2309
CountdownView,11,24,17,4,56,1140,25,3478,98,7,2308
reflections,16,27,11,14,68,2049,89,5135,150,35,2300
AndroidTutorialForBeginners,11,36,36,7,90,790,8,5008,35,2,2296
android_design_patterns_analysis,0,0,0,0,0,1366,5,340,149,16,2294
spring-cloud-examples,0,1,0,0,1,576,8,1585,61,2,2289
android-shape-imageview,10,18,51,3,82,1547,52,2795,82,5,2286
MyBatis-Spring-Boot,0,0,0,0,0,1072,89,1132,49,2,2285
java-jwt,24,25,29,26,104,1724,38,8616,323,37,2282
Twitter4J,117,227,378,74,796,3502,22,48144,2340,170,2281
XposedInstaller,29,89,58,18,194,2428,139,8057,1068,56,2279
joda-time-android,6,20,14,4,44,1782,7,2273,334,16,2277
CC,13,37,15,8,73,367,9,5302,164,6,2276
h2o-2,288,1014,1162,242,2706,2118,11,112125,16955,96,2273
AndroidChromium,577,1420,1893,395,4285,874,17,187870,68,6,2271
mpush,44,75,110,44,273,941,16,25337,1565,6,2271
CoCoin,53,205,131,22,411,1135,27,21342,104,2,2271
YCSB,99,337,305,82,823,3142,165,32045,1361,166,2270
MVVMHabit,34,74,107,21,236,492,3,11141,183,1,2267
droidicon,8,11,29,0,48,1470,8,3411,167,3,2264
PatternLockView,3,12,6,2,23,608,13,2013,41,2,2264
opengrok,224,713,394,125,1456,2148,474,101242,4491,115,2261
jetty.project,1138,4265,2330,670,8403,2691,377,419274,18759,129,2258
hutool,261,355,1136,179,1931,1687,0,114709,1807,22,2256
easyexcel,13,31,44,9,97,292,22,6064,76,3,2249
JJSearchViewAnim,7,15,5,1,28,966,5,1248,64,3,2242
lanproxy,13,27,12,5,57,735,74,2970,60,3,2242
distributedlog,181,821,596,129,1727,1040,1,83069,107,23,2240
Genius-Android,39,78,101,25,243,1599,3,12700,649,5,2239
android-ui,2,6,12,2,22,1526,12,758,15,3,2237
AmazeFileManager,118,405,271,50,844,1595,244,39631,3726,115,2235
HoloEverywhere,157,387,604,123,1271,2456,49,59515,921,58,2234
thingsboard,137,415,915,168,1635,724,406,80235,2030,73,2234
Timeline-View,1,5,5,0,11,1076,6,683,61,4,2233
MaterialShowcaseView,3,9,17,3,32,1208,117,1741,103,20,2231
LookLook,26,68,83,16,193,827,25,8051,115,13,2230
camel,2572,8220,6362,1680,18834,3475,2,1645597,44636,634,2230
btrace,94,396,522,76,1088,1550,25,61518,1110,20,2229
PullZoomView,6,16,11,4,37,1543,29,1666,27,3,2229
google-java-format,41,178,94,28,341,1294,56,17278,489,56,2228
javaee7-samples,16,125,85,18,244,1916,98,55800,1480,66,2228
bigbluebutton,283,770,1573,245,2871,3106,587,128342,22995,157,2226
Aria,118,240,166,71,595,1010,11,45437,663,6,2225
FlowingDrawer,3,16,21,2,42,1199,4,2196,99,5,2225
Carbon,84,331,484,48,947,1390,6,45964,433,5,2224
AboutLibraries,9,20,17,4,50,1678,2,2950,1348,99,2220
powermock,91,166,349,96,702,1642,320,57516,1595,48,2218
quartz,128,393,288,78,887,993,149,75583,2120,57,2218
hive,3631,14523,11274,2179,31607,3475,208,1553205,18121,281,2217
tape,3,16,11,7,37,2267,19,2002,329,30,2215
AndroidTVLauncher,6,10,7,3,26,973,3,1342,187,4,2211
weixin-java-tools,32,94,124,23,273,1560,78,17940,416,26,2208
AndroidTagGroup,3,10,9,1,23,1384,69,1111,72,1,2207
shopping-management-system,27,72,36,5,140,1105,12,8315,62,4,2204
9GAG,13,37,77,7,134,1684,53,5670,99,4,2204
react-native-blur,1,2,0,1,4,1326,84,287,230,47,2203
RecyclerViewCardGallery,1,5,8,0,14,815,15,529,23,4,2203
SpringIndicator,1,5,7,1,14,1394,21,689,54,3,2200
LoadingView,23,49,30,20,122,887,9,4204,57,1,2199
disunity,12,32,40,15,99,1953,161,6098,843,13,2197
incubator-dubbo-spring-boot-project,5,18,1,2,26,311,68,2422,206,17,2192
voldemort,658,1684,1040,428,3810,3465,81,206094,4959,107,2190
MovieGuide,7,7,4,9,27,1085,4,2721,197,19,2190
Slidr,6,22,44,6,78,1559,20,2888,99,10,2189
react-native-fbsdk,4,8,5,2,19,1210,22,2113,197,74,2187
ffmpeg-android-java,4,14,6,3,27,1536,216,1405,178,7,2186
immutables,121,230,163,133,647,1967,149,54422,1668,59,2186
Euclid,1,7,3,1,12,1353,1,604,7,5,2184
GraphView,11,29,27,5,72,2701,127,6764,439,42,2184
data-transfer-project,54,176,194,22,446,325,82,25144,1385,25,2183
qksms,80,172,123,22,397,1373,232,25146,1898,55,2183
databus,456,1737,924,231,3348,2169,34,177968,334,22,2182
AnimationEasingFunctions,0,1,39,0,40,1610,5,1410,41,9,2179
CardSlidePanel,2,12,10,1,25,1092,8,840,152,4,2179
Tangram-Android,42,122,142,30,336,606,22,20551,282,9,2177
RxGalleryFinal,30,79,97,16,222,947,121,11436,255,12,2174
BGABadgeView-Android,5,15,10,3,33,1237,18,1844,75,2,2172
material-ripple,2,5,6,2,15,1531,42,902,66,7,2170
mortar,10,26,19,11,66,1842,33,5048,288,32,2170
material-icon-lib,4,4,7,1,16,1225,5,957,31,3,2167
spring-boot-starter,3,6,2,1,12,1157,11,2599,481,16,2167
undertow,401,1272,1368,231,3272,2320,20,178486,6266,141,2164
MaterialIntroView,3,11,19,3,36,1030,46,1707,98,11,2163
BeautifulRefreshLayout,2,12,7,0,21,1208,4,1201,79,5,2160
android-styled-dialogs,8,10,17,4,39,2010,10,2012,289,30,2160
ViewInspector,8,31,32,10,81,1134,13,3276,91,2,2159
Unblock163MusicClient-Xposed,9,27,15,3,54,1046,87,2413,103,3,2158
wildfly,1263,3338,4475,756,9832,3062,51,776148,28484,418,2155
crate,480,1343,1470,633,3926,2055,79,259652,11293,67,2151
pentaho-kettle,1911,7038,5788,1008,15745,1874,27,963444,28266,369,2150
BubbleSeekBar,2,19,22,2,45,752,20,2062,146,6,2149
excelPanel,6,6,11,5,28,679,27,1528,24,1,2149
spring-loaded,102,448,362,77,989,2180,122,52528,244,18,2148
spock,60,102,224,60,446,2905,189,33432,3240,89,2148
AndroidFire,87,174,248,46,555,790,32,29623,22,2,2146
UETool,10,20,25,3,58,193,2,2742,191,10,2145
web3j,89,192,375,73,729,812,207,35154,1233,108,2143
uhabits,71,143,151,69,434,1478,110,31170,1285,26,2142
SublimePicker,27,93,110,14,244,1281,57,12275,53,2,2140
azkaban,238,791,716,130,1875,2229,500,84782,2490,102,2137
BottomNavigationViewEx,4,16,10,1,31,743,12,1428,67,7,2132
BottomSheet,8,12,23,4,47,1525,12,2266,180,12,2131
jvm-tools,110,278,149,92,629,2402,10,38666,376,20,2129
philm,44,120,143,30,337,1621,13,19233,765,5,2129
AntennaPod,147,484,330,98,1059,2308,363,53127,4642,119,2126
awesome-android-complete-reference,0,0,0,0,0,893,2,96,177,9,2126
reark,9,11,46,17,83,1793,10,10046,415,16,2124
WebCollector,18,40,16,14,88,1597,36,7248,320,6,2124
RxCache,20,64,91,21,196,1050,13,10797,246,18,2117
pixel-dungeon,94,274,167,107,642,1583,49,49294,25,2,2117
netty-learning,218,585,665,121,1589,1893,3,105668,97,4,2116
sofa-boot,20,65,72,9,166,237,16,17146,231,14,2112
ignite,3146,9853,7952,2600,23551,1375,1422,1526649,29336,299,2103
litemall,161,104,309,112,686,248,15,76695,551,11,2097
RecyclerView-FlexibleDivider,5,11,8,1,25,1410,22,1113,74,8,2094
condom,11,19,172,12,214,609,5,4470,122,2,2094
mongo-java-driver,426,759,1632,317,3134,3601,12,176900,7040,153,2090
Android-SwitchIcon,1,2,2,1,6,686,1,331,56,5,2090
lucene-solr,3282,12383,8497,2096,26258,1037,261,1431288,55380,164,2090
ViewAnimator,6,9,3,5,23,1069,16,1934,98,9,2087
Swipecards,4,8,6,2,20,1572,70,774,168,9,2087
AndroidHttpCapture,58,148,125,34,365,771,28,20791,82,3,2083
javaparser,402,1011,915,342,2670,2583,302,181471,5167,133,2083
LRecyclerView,60,167,145,20,392,920,74,17754,393,11,2082
Android-MaterialRefreshLayout,15,31,19,9,74,1173,75,3342,90,7,2079
CommonUtilLibrary,58,152,183,35,428,576,7,23741,156,3,2077
SimpleCropView,6,51,25,6,88,1223,52,4103,248,13,2076
tray,22,53,35,21,131,1389,29,6785,315,13,2076
CityPicker,6,16,16,1,39,1002,29,1383,30,1,2075
cordova-plugin-local-notifications,9,28,6,4,47,1933,150,4039,914,52,2074
RxJava2Examples,9,33,18,2,62,524,5,4470,50,1,2073
androidquery,35,106,305,32,478,2634,76,15976,695,8,2073
android-beacon-library,35,95,103,33,266,1581,119,14907,1218,58,2070
device-year-class,2,5,1,1,9,1360,4,612,55,13,2068
AndroidPhotoFilters,3,10,10,0,23,898,19,1062,41,7,2064
KeyBox,21,73,20,4,118,2117,62,9051,454,20,2063
ListenerMusicPlayer,62,217,122,30,431,654,16,19955,34,3,2060
BlurView,2,3,5,2,12,948,10,922,212,8,2058
WheelPicker,4,8,7,2,21,1090,86,2619,156,10,2051
Android-ReactiveLocation,6,9,25,2,42,1762,25,2428,169,27,2049
ViewPagerTransforms,2,3,2,1,8,1657,6,865,83,12,2048
querydsl,235,417,1006,270,1928,2669,414,147689,7635,88,2047
UltimateAndroid,826,2423,3483,503,7235,1629,15,335987,905,9,2045
loaderviewlibrary,1,0,6,1,8,821,0,477,57,11,2045
Android-Clean-Boilerplate,0,0,2,0,2,1034,2,373,23,5,2044
AdapterDelegates,5,21,33,8,67,1215,4,3560,141,16,2044
RxEasyHttp,39,89,83,33,244,536,8,15894,207,1,2044
CameraFragment,13,52,48,15,128,681,84,5277,76,12,2044
incubator-pinot,809,2370,2204,405,5788,1651,202,327811,7176,86,2044
MvpApp,69,159,181,49,458,828,18,26842,123,5,2043
light-task-scheduler,161,447,291,107,1006,1493,96,54193,1048,21,2040
ksql,174,488,592,168,1422,789,416,85624,3568,66,2032
java-tron,326,1205,376,218,2125,334,48,110444,9429,118,2030
PagerBottomTabStrip,14,32,56,7,109,1190,0,3779,100,7,2028
android-sqlite-asset-helper,1,8,5,1,15,2546,78,718,71,5,2019
FlycoDialog_Master,13,38,35,8,94,1183,21,4563,76,4,2016
ToggleButton,5,8,10,3,26,1547,28,1772,50,11,2016
wycheproof,25,74,28,16,143,747,12,12783,91,19,2014
Android-Skin-Loader,18,20,80,16,134,1243,30,5677,70,3,2012
volley,26,61,54,13,154,670,10,10042,2006,67,2011
nucleus,13,28,23,7,71,1460,7,4653,206,13,2004
shiro,161,280,217,89,747,3375,44,69702,2104,38,2002
keywhiz,43,111,161,49,364,1341,29,24815,860,29,1999
RxRelay,12,34,4,6,56,1062,1,2833,60,9,1999
SwipeToLoadLayout,17,41,71,21,150,1180,47,5972,173,5,1998
AppMethodOrder,0,0,3,4,7,610,4,238,49,9,1996
discreteSeekBar,5,12,16,5,38,1458,70,2320,43,7,1996
Android-Studio-Plugins,0,0,0,1,1,471,3,70,41,3,1994
rejoiner,13,50,17,7,87,354,14,4894,215,10,1991
vectalign,11,31,8,6,56,1179,3,2892,73,3,1990
Android-SlideExpandableListView,1,7,12,1,21,2347,46,783,95,14,1990
BlurEffectForAndroidDesign,2,2,5,0,9,1983,8,464,9,2,1988
PanoramaImageView,2,3,1,0,6,704,8,417,26,2,1986
Luyten,12,70,12,6,100,1963,87,5656,143,16,1986
CircleDemo,18,32,63,13,126,1060,17,6674,89,5,1985
RxAndroidBle,41,71,140,27,279,1025,32,13122,690,37,1985
librec,124,295,162,52,633,1781,37,48576,1074,34,1984
android-parcelable-intellij-plugin,1,1,27,2,31,2124,21,2256,107,11,1984
paper-onboarding-android,1,9,5,1,16,944,17,832,43,8,1984
SopCastComponent,29,64,44,22,159,719,22,10487,33,2,1983
FinestWebView-Android,5,16,19,4,44,2060,107,2521,201,13,1982
ReactiveNetwork,6,13,16,8,43,1203,15,2823,686,11,1980
okdownload,101,194,332,77,704,343,62,28497,534,4,1979
MinimalistWeather,16,21,18,5,60,962,8,6129,126,3,1972
citypicker,16,33,54,6,109,927,16,6161,143,8,1969
EasyRecyclerView,13,37,28,6,84,1226,92,5030,181,10,1967
TouchImageView,1,14,15,1,31,2625,96,1226,85,5,1966
Android-Terminal-Emulator,35,115,119,20,289,3004,118,14909,1088,84,1965
AndroidSweetSheet,9,12,25,2,48,1207,21,2223,30,5,1965
cropiwa,11,12,52,11,86,619,34,3747,82,8,1964
es,79,167,289,66,601,2143,35,33115,344,5,1963
sofa-rpc,229,565,396,109,1299,230,34,88557,178,23,1962
KJFrameForAndroid,93,170,219,49,531,1631,19,25955,537,9,1956
helios,127,421,334,90,972,1644,5,59095,3243,56,1956
Phonograph,85,181,168,61,495,1361,234,23275,1575,40,1954
DataMiningAlgorithm,44,184,47,16,291,1414,2,15129,92,2,1952
NavigationTabStrip,1,8,5,1,15,924,30,742,31,5,1951
lwjgl3,1383,624,15153,1894,19054,2163,42,649062,2905,30,1950
nutz,242,658,1156,220,2276,2725,16,119607,6015,96,1947
FabulousFilter,7,23,26,2,58,517,10,2308,55,3,1945
JAViewer,13,61,48,9,131,918,9,6891,103,6,1944
MaterialStepperView,2,8,13,1,24,474,7,1811,50,8,1941
lettuce-core,290,238,1665,299,2492,1660,23,124432,2575,33,1940
ZLayoutManager,6,23,20,1,50,759,27,1735,50,3,1940
android-PullRefreshLayout,8,14,9,6,37,1485,35,2232,71,4,1940
spring-cloud-rest-tcc,5,10,41,8,64,1087,15,6967,75,3,1937
curator,5,12,8,4,29,2691,9,1315,1175,27,1935
beakerx,150,177,428,161,916,1818,241,91848,3339,44,1932
ShadowImageView,1,5,5,0,11,610,3,473,37,1,1929
pmd,326,664,628,265,1883,2328,211,146737,14404,204,1926
android-open-source-project-analysis,8,19,29,9,65,639,12,4297,639,2,1919
android-flowlayout,8,26,7,3,44,2633,27,2086,143,18,1918
PlayerBase,37,65,111,48,261,607,16,14180,320,2,1909
TableView,21,55,58,14,148,530,79,6840,287,9,1909
fqrouter,32,210,191,27,460,2786,63,36152,1065,3,1908
phonegap-facebook-plugin,116,333,472,81,1002,2735,427,45933,634,72,1907
janusgraph,241,640,817,190,1888,699,348,101531,5446,123,1907
android-ocr,14,55,24,4,97,2591,1,4955,115,1,1906
ThinkAndroid,56,181,144,38,419,2022,2,25744,6,1,1906
PersistentSearch,4,18,28,3,53,1361,28,2758,57,14,1905
android-ripple-background,1,2,1,0,4,1479,27,180,11,3,1904
WordPress-Android,314,1200,1043,234,2791,2057,360,124609,34572,127,1904
android-Camera2Basic,1,11,9,1,22,1613,111,1008,28,3,1904
TextSurface,7,17,38,5,67,1139,7,2757,14,2,1901
CommonDevKnowledge,0,0,2,0,2,345,4,213,33,3,1900
overscroll-decor,5,19,38,5,67,1099,28,2676,56,4,1899
Horizon,4,14,10,1,29,978,16,962,26,3,1895
red5-server,42,115,61,25,243,1832,26,19001,456,14,1894
understand-plugin-framework,3,38,21,0,62,1032,4,2358,48,4,1893
jjdxm_ijkplayer,11,30,27,6,74,909,77,5555,53,2,1888
groupie,8,7,61,9,85,815,34,3983,175,32,1888
TinyPinyin,6,15,2,1,24,1152,16,2997,22,3,1888
spring-cloud-alibaba,9,38,42,1,90,359,17,10535,284,18,1887
android-demos,25,43,79,17,164,3409,1,9093,421,35,1886
stream-lib,39,113,43,32,227,2812,32,11177,398,51,1886
Shimmer-android,4,4,5,0,13,1725,13,507,39,5,1882
datetimepicker,10,43,38,5,96,2002,58,3669,73,11,1881
jmonkeyengine,738,2046,3091,450,6325,1711,131,324368,7021,159,1881
Album,25,64,75,8,172,753,57,11112,161,7,1880
MaterialLogin,1,2,0,0,3,843,2,218,36,7,1879
CompressHelper,5,5,11,3,24,619,19,1049,51,3,1877
jackson-databind,418,898,1497,326,3139,2529,324,147069,5244,171,1877
javassist,161,570,778,126,1635,2011,91,102631,892,33,1874
Rosie,14,8,20,19,61,1101,14,9596,514,19,1871
StatusBarCompat,3,6,11,0,20,979,0,773,37,3,1871
rest.li,912,3350,2902,538,7702,2186,23,365276,2010,101,1870
reactor-core,612,1567,563,532,3274,1111,69,174852,2418,87,1868
ethereumj,231,616,455,200,1502,1657,77,101622,5558,98,1866
Bukkit,138,140,455,63,796,2884,63,56802,1510,131,1865
FragmentRigger,11,24,30,13,78,374,7,4617,147,7,1864
PRDownloader,5,38,7,5,55,379,52,4051,117,5,1864
MarqueeViewLibrary,4,1,6,2,13,705,11,1140,52,3,1864
BlurDialogFragment,7,13,8,3,31,1569,30,1693,173,12,1863
Android-Boilerplate,1,5,4,1,11,1332,7,1536,58,4,1862
brigadier,14,21,26,21,82,1532,24,5504,179,13,1859
android-upload-service,23,48,48,7,126,1888,18,6243,616,23,1859
CircularAnim,4,9,3,2,18,858,4,725,107,5,1856
ProgressManager,7,33,11,3,54,537,1,89226,92,3,1854
http-kit,25,73,54,15,167,2448,54,6954,521,67,1853
XPrivacy,58,238,170,17,483,2009,71,21674,8156,91,1850
BlockCanaryEx,12,26,27,6,71,629,20,4443,95,6,1849
TastyToast,3,6,12,6,27,861,16,974,67,4,1849
vertx-examples,17,134,82,21,254,1370,15,17767,1148,92,1848
ghostdriver,11,47,3,6,67,2440,157,4121,692,59,1846
NLPIR,18,88,65,10,181,1301,123,7002,352,9,1843
Smack,418,1107,642,175,2342,1756,14,175739,3706,97,1840
android-viewflow,4,13,15,3,35,2759,49,1961,123,16,1835
GestureViews,30,64,93,22,209,1640,8,10816,383,4,1835
StarWars.Android,9,29,29,5,72,1077,5,2162,23,4,1834
drools,1671,6970,4963,1129,14733,2837,7,771336,15108,197,1831
openzaly,653,828,373,469,2323,304,1,208239,724,6,1830
TProfiler,11,30,16,4,61,2413,21,3794,59,12,1829
Knife,3,20,24,2,49,1082,18,1469,76,3,1826
leetcode,8,131,93,2,234,626,0,18239,272,5,1826
Paper,11,9,9,8,37,1263,17,2244,205,17,1825
search-guard,49,196,173,25,443,1281,22,18351,2744,20,1825
AppUpdate,10,27,34,7,78,524,59,3457,174,7,1824
Intro-To-RxJava,26,61,1,23,111,1339,23,9445,310,10,1823
packr,3,9,2,2,16,1704,48,896,218,20,1821
nutch,216,614,532,79,1441,3475,21,79012,3653,83,1821
FlipViewPager.Draco,2,4,10,1,17,1325,6,678,14,8,1820
ninja,98,219,232,83,632,2360,111,47978,2211,93,1818
cucumber-jvm,63,149,150,71,433,2708,21,29099,3838,265,1815
thumbnailator,51,253,47,29,380,1219,57,35001,522,1,1814
archaius,37,92,75,17,221,2389,81,13778,1172,59,1814
Auto.js,157,179,532,135,1003,667,40,49092,747,5,1813
Java8InAction,8,22,22,6,58,1854,14,3858,61,9,1812
Lazy,49,156,158,19,382,1067,0,18770,75,6,1812
jvm-sandbox,50,112,162,27,351,479,10,16346,118,18,1810
