Project, LF, LPL, TMM, Total, Lifespan, Issues, LOC, Commits, Contributors, Stargazers
iluwatar/java-design-patterns,8,97,30,135,1569,180,64318,2743,196,41682
ReactiveX/RxJava,103,1130,670,1903,2147,29,343496,6524,324,36456
elastic/elasticsearch,847,10577,3068,14492,3212,1829,1490246,73023,1404,36282
spring-projects/spring-boot,1458,1119,580,3157,2228,389,382812,19876,611,31331
square/retrofit,8,139,42,189,3002,70,25133,1759,154,30429
kdn251/interviews,26,92,0,118,649,31,13903,438,35,30317
square/okhttp,3,392,152,547,2316,170,72217,3928,220,29776
google/guava,260,598,553,1411,1641,788,669615,6332,300,28230
PhilJay/MPAndroidChart,7,262,56,325,1675,1300,32250,2007,84,24980
spring-projects/spring-framework,1471,4248,1598,7317,2909,179,930140,21524,384,24891
bumptech/glide,29,487,179,695,1966,143,79992,2557,149,24048
airbnb/lottie-android,6,126,17,149,780,44,12705,1110,64,23272
apache/incubator-dubbo,37,654,278,969,2350,250,137141,3081,178,22649
JakeWharton/butterknife,0,86,12,98,2091,83,12110,968,90,22571
square/leakcanary,4,41,16,61,1306,22,7374,632,69,21179
Blankj/AndroidUtilCode,1,455,80,536,848,30,36786,961,29,21109
zxing/zxing,19,442,75,536,2601,8,57910,3482,136,20766
greenrobot/EventBus,27,35,12,74,2323,98,7004,504,27,19748
proxyee-down-org/proxyee-down,0,22,7,29,396,110,4038,476,16,18660
ReactiveX/RxAndroid,0,2,2,4,1559,3,1451,475,69,17135
crossoverJie/JCSprout,0,10,1,11,343,16,4043,615,23,16824
netty/netty,295,2950,795,4040,2938,443,344469,14456,482,16675
skylot/jadx,2,301,102,405,2078,146,48114,770,37,16608
nostra13/Android-Universal-Image-Loader,0,107,18,125,2555,460,12331,1036,41,16359
square/picasso,0,91,23,114,2021,170,11094,1325,117,16207
Netflix/Hystrix,92,355,82,529,2197,302,65600,2343,145,15684
CymChad/BaseRecyclerViewAdapterHelper,3,94,6,103,959,105,7788,928,47,15625
alibaba/fastjson,150,734,181,1065,2579,803,170249,3572,108,15591
scwang90/SmartRefreshLayout,6,306,31,343,541,59,19454,921,9,15260
facebook/fresco,102,842,199,1143,1364,69,99139,2321,280,15131
libgdx/libgdx,128,10822,704,11654,2298,325,339119,13439,587,14662
chrisbanes/PhotoView,0,46,2,48,2322,102,1881,435,41,14303
google/gson,15,149,62,226,1347,385,33604,2727,99,14176
alibaba/druid,353,2217,307,2877,2579,1141,348474,5866,152,13898
Snailclimb/JavaGuide,0,1,1,2,202,10,603,591,17,13603
Tencent/tinker,15,494,54,563,810,95,39976,355,24,12771
android10/Android-CleanArchitecture,0,9,4,13,1559,138,4478,256,11,12767
SeleniumHQ/selenium,26,440,225,691,2141,502,102117,23412,522,12608
lgvalle/Material-Animations,0,8,1,9,1358,15,1034,80,11,12241
nickbutcher/plaid,0,148,18,166,1122,54,12753,1016,47,12134
shuzheng/zheng,4,286,92,382,782,27,33172,1238,15,11933
google/ExoPlayer,14,1664,313,1991,1626,287,173490,6446,207,11719
jenkinsci/jenkins,73,1126,335,1534,2925,115,227066,29564,792,11611
apache/incubator-weex,118,1117,158,1393,688,106,128071,10987,273,11158
jfeinstein10/SlidingMenu,0,47,11,58,2339,309,4147,357,30,11110
hdodenhof/CircleImageView,0,4,1,5,1773,13,406,125,13,10916
DrKLO/Telegram,11,3550,429,3990,1857,362,435163,318,13,10846
greenrobot/greenDAO,6,163,78,247,2591,160,24250,854,8,10769
daimajia/AndroidSwipeLayout,0,56,3,59,1553,340,2840,183,24,10740
signalapp/Signal-Android,29,923,161,1113,2537,273,96945,4593,209,10646
androidannotations/androidannotations,63,307,92,462,2515,64,58755,3043,83,10573
facebook/stetho,8,186,42,236,1403,44,22312,613,59,10491
bazelbuild/bazel,295,7416,1464,9175,1627,1620,857074,20173,522,10489
winterbe/java8-tutorial,0,0,6,6,1715,23,2752,149,12,10466
loopj/android-async-http,2,216,14,232,2835,242,10474,970,102,10345
orhanobut/logger,0,20,4,24,1346,42,1067,144,13,10272
apache/kafka,108,2073,712,2893,2659,531,293434,8068,631,10250
react-community/lottie-react-native,1,1,0,2,667,39,407,290,52,10214
realm/realm-java,35,631,169,835,2410,436,118097,9009,104,10084
daimajia/AndroidViewAnimations,0,2,2,4,1616,46,2981,140,21,10056
JakeWharton/ViewPagerIndicator,1,38,14,53,2670,215,3325,312,36,9978
EnterpriseQualityCoding/FizzBuzzEnterpriseEdition,21,3,0,24,2192,281,1387,161,36,9966
deeplearning4j/deeplearning4j,223,9560,1288,11071,1824,696,717063,43982,348,9855
mikepenz/MaterialDrawer,1,62,19,82,1394,1,11352,2140,98,9837
openzipkin/zipkin,41,143,100,284,2363,213,41986,3662,153,9836
hankcs/HanLP,26,308,103,437,1508,429,72066,1174,36,9763
Konloch/bytecode-viewer,1,718,105,824,1503,108,81765,262,21,9690
eugenp/tutorials,795,921,618,2334,2036,44,303224,10659,615,9550
liaohuqiu/android-Ultra-Pull-To-Refresh,2,90,10,102,1473,174,5686,183,12,9408
pockethub/PocketHub,5,127,41,173,2635,123,22444,3410,143,9339
ctripcorp/apollo,22,510,107,639,996,152,45973,3325,50,9305
LMAX-Exchange/disruptor,23,186,15,224,2256,4,18040,1052,44,9226
wix/react-native-navigation,10,181,59,250,989,281,17734,4772,264,9153
ksoichiro/Android-ObservableScrollView,59,181,24,264,1478,176,14177,419,18,9137
nathanmarz/storm,9,906,254,1169,2626,44,57639,2014,69,9080
mybatis/mybatis-3,17,445,145,607,2110,131,76634,2766,138,9027
navasmdc/MaterialDesignLibrary,2,7,0,9,1517,262,2961,95,13,8909
Tencent/VasSonic,1,67,16,84,481,2,9987,365,19,8824
Curzibn/Luban,0,4,2,6,854,74,1180,189,11,8792
Bigkoo/Android-PickerView,0,45,6,51,1428,175,4886,461,22,8772
chrisbanes/Android-PullToRefresh,8,36,5,49,2553,30,4929,479,26,8769
eclipse-vertx/vert.x,7,1051,292,1350,2718,174,135166,8255,251,8763
alibaba/vlayout,0,224,25,249,636,100,15768,348,17,8725
arduino/Arduino,27,149,38,214,2991,1021,33539,6960,272,8659
wasabeef/recyclerview-animators,0,5,2,7,1434,92,1977,295,33,8636
TheAlgorithms/Java,0,94,26,120,862,94,11303,670,146,8516
jeasonlzy/okhttp-OkGo,0,110,38,148,1045,311,19608,253,8,8490
brettwooldridge/HikariCP,4,73,22,99,1874,97,15112,2835,106,8484
prestodb/presto,335,7087,1007,8429,2299,1467,676315,14885,347,8338
permissions-dispatcher/PermissionsDispatcher,6,18,6,30,1198,11,7736,685,28,8270
zhihu/Matisse,0,52,9,61,591,226,5067,194,35,8260
apache/hadoop,1149,12760,3136,17045,1550,204,2130523,62632,295,8240
paolorotolo/AppIntro,0,31,4,35,1271,67,2955,614,72,8186
lipangit/JiaoZiVideoPlayer,8,41,15,64,1023,295,5458,1695,37,8103
81813780/AVLoadingIndicatorView,3,6,2,11,1128,62,2336,97,10,8102
umano/AndroidSlidingUpPanel,0,37,3,40,2004,276,2737,361,62,8091
roughike/BottomBar,0,30,7,37,984,294,3545,790,47,8090
aosp-mirror/platform_frameworks_base,417,21296,3584,25297,3687,0,3085761,384553,2952,8077
chrisjenx/Calligraphy,0,35,1,36,1801,137,1529,328,42,8046
CarGuo/GSYVideoPlayer,2,261,80,343,742,17,30397,962,7,8042
alibaba/ARouter,0,18,7,25,711,20,5011,239,17,7991
vondear/RxTool,1,534,80,615,792,108,55183,590,3,7963
perwendel/spark,3,190,36,229,2761,210,17051,967,144,7889
mockito/mockito,118,178,175,471,2234,255,61075,5164,174,7881
Yalantis/uCrop,0,57,10,67,1055,91,5591,238,39,7851
HannahMitt/HomeMirror,0,10,1,11,1190,36,2077,115,11,7844
b3log/symphony,1,298,23,322,2334,2,50588,6198,36,7719
florent37/MaterialViewPager,2,21,2,25,1311,183,1902,311,27,7706
YoKeyword/Fragmentation,1,153,27,181,1006,91,10556,587,19,7676
H07000223/FlycoTabLayout,0,28,3,31,1112,228,2927,41,2,7659
lingochamp/FileDownloader,7,161,42,210,1069,118,19698,785,9,7655
chrisbanes/cheesesquare,0,1,0,1,1277,20,498,27,4,7643
Freelander/Android_Data,0,2,1,3,1331,2,155,107,8,7576
naver/pinpoint,556,2654,440,3650,1497,102,351274,10481,100,7574
tbruyelle/RxPermissions,0,3,2,5,1153,59,1118,223,22,7533
clojure/clojure,1,1018,104,1123,3071,6,49840,3639,180,7459
google/guice,31,346,136,513,1642,316,81632,1846,89,7434
Bilibili/DanmakuFlameMaster,1,138,26,165,1932,205,11550,1173,30,7384
youth5201314/banner,2,18,2,22,947,163,2551,148,5,7349
xetorthio/jedis,6,1479,79,1564,3089,158,33062,2193,174,7331
code4craft/webmagic,1,23,15,39,2042,262,15106,1221,45,7300
JakeWharton/ActionBarSherlock,2,212,63,277,2820,90,34761,1645,76,7294
google/agera,7,44,46,97,1074,4,18171,160,10,7289
apache/incubator-druid,505,2841,666,4012,2224,1195,568722,9758,330,7259
google/auto,27,110,53,190,2013,135,30730,996,85,7187
junit-team/junit4,19,189,102,310,3603,120,37728,2524,187,7186
JeffLi1993/springboot-learning-example,1,12,1,14,657,14,5934,112,6,7160
iBotPeaches/Apktool,1,106,24,131,2442,133,14585,1747,64,7102
oracle/graal,255,747,43,1045,1046,247,973531,34423,165,7095
wasabeef/glide-transformations,0,34,1,35,1416,17,1836,231,15,7010
JessYanCoding/MVPArms,2,80,28,110,841,4,11339,1003,15,7008
rzwitserloot/lombok,69,729,87,885,3457,560,75618,2526,92,7002
redisson/redisson,93,2393,371,2857,1779,209,163961,4402,80,6955
square/dagger,1,53,17,71,2306,61,11880,1832,101,6923
dropwizard/dropwizard,122,334,110,566,2867,111,58844,5293,408,6908
Netflix/SimianArmy,9,144,58,211,2333,41,27737,801,65,6877
cymcsg/UltimateRecyclerView,9,226,52,287,1397,182,20635,826,17,6852
Bearded-Hen/Android-Bootstrap,2,45,15,62,1850,29,13088,343,32,6835
koral--/android-gif-drawable,1,35,5,41,2125,24,4809,1099,19,6804
kaushikgopal/RxJava-Android-Samples,2,25,12,39,1586,9,3406,356,29,6794
google/tink,19,232,71,322,1633,28,45206,1297,43,6705
Netflix/eureka,40,291,65,396,2313,87,44021,2659,99,6695
ityouknow/spring-boot-examples,1,18,3,22,750,11,4389,119,4,6676
googlesamples/easypermissions,4,27,6,37,1069,5,2629,178,28,6676
dbeaver/dbeaver,81,3114,334,3529,1131,755,368544,10821,86,6674
astuetz/PagerSlidingTabStrip,0,6,2,8,2039,227,724,31,6,6651
alibaba/atlas,27,1222,195,1444,635,55,259641,1611,33,6546
jhy/jsoup,0,87,62,149,3263,166,23927,1636,84,6541
laobie/StatusBarUtil,0,17,1,18,1014,71,1301,71,9,6514
ChrisRM/material-theme-jetbrains,4,112,17,133,1159,11,28711,2297,45,6512
hongyangAndroid/okhttputils,0,23,6,29,1196,218,2857,79,10,6477
hongyangAndroid/AndroidAutoLayout,0,53,3,56,1102,132,3356,49,4,6461
Netflix/zuul,19,198,41,258,2083,115,26099,840,66,6458
GcsSloop/AndroidNote,0,3,1,4,1056,37,425,1433,4,6437
alibaba/canal,13,389,109,511,2142,24,75026,923,81,6436
JakeWharton/hugo,0,2,3,5,1826,51,406,123,19,6423
aritraroy/UltimateAndroidReference,0,0,0,0,594,0,23,301,32,6414
didi/VirtualAPK,1,108,18,127,514,31,8405,116,10,6411
trello/RxLifecycle,18,0,18,36,1224,2,4938,312,21,6398
JakeWharton/timber,0,42,5,47,1956,42,1841,375,45,6331
react-native-community/react-native-camera,3,80,13,96,1334,345,8554,1080,260,6328
geeeeeeeeek/WeChatLuckyMoney,0,2,3,5,1152,22,1085,226,13,6294
facebook/buck,615,4942,1195,6752,2048,426,839158,18011,557,6254
pedant/sweet-alert-dialog,0,5,1,6,1498,140,932,58,5,6244
lecho/hellocharts-android,11,126,27,164,1505,253,11371,825,18,6237
dropwizard/metrics,42,148,68,258,3194,152,22193,2834,245,6128
alibaba/arthas,1,179,48,228,88,41,27583,419,22,6108
square/javapoet,0,34,32,66,2123,66,9685,796,79,6101
google/physical-web,3,62,17,82,1517,91,9942,1415,75,6065
xuxueli/xxl-job,1,43,10,54,1093,65,6976,1084,25,6015
sharding-sphere/sharding-sphere,204,475,122,801,1042,37,93016,10826,72,5956
daniulive/SmarterStreaming,0,263,27,290,974,1,23363,1264,1,5947
codecentric/spring-boot-admin,47,53,26,126,1584,19,18385,1557,86,5928
apache/rocketmq,64,687,149,900,725,46,96463,666,62,5912
DroidPluginTeam/DroidPlugin,2,268,27,297,1186,207,22243,229,28,5911
googlesamples/android-testing,2,10,4,16,1506,46,3753,190,34,5891
koush/ion,0,77,20,97,2013,302,10637,832,39,5851
mission-peace/interview,80,309,17,406,1589,91,32131,805,30,5826
pedrovgs/EffectiveAndroidUI,4,10,11,25,1605,5,3718,153,11,5816
QMUI/QMUI_Android,12,427,46,485,583,103,35223,267,8,5815
crazycodeboy/TakePhoto,0,30,7,37,1209,336,3276,167,12,5766
ogaclejapan/SmartTabLayout,1,48,5,54,1380,91,3486,105,14,5748
OpenRefine/OpenRefine,43,624,114,781,2232,383,93480,4031,115,5746
lzyzsd/JsBridge,0,7,1,8,1368,104,658,71,21,5739
koush/AndroidAsync,0,214,57,271,2284,299,22708,981,61,5736
pagehelper/Mybatis-PageHelper,1,80,11,92,1630,36,10098,542,24,5734
b3log/solo,4,107,16,127,2420,6,32913,2542,40,5731
futuresimple/android-floating-action-button,0,4,2,6,1528,146,1065,157,12,5727
neo4j/neo4j,552,5443,1827,7822,2204,211,753962,61442,240,5721
nhaarman/ListViewAnimations,3,62,18,83,2077,87,8938,654,27,5697
rey5137/material,0,305,71,376,1447,212,28649,297,9,5657
LitePalFramework/LitePal,1,139,23,163,2104,30,20553,394,7,5594
medcl/elasticsearch-analysis-ik,0,17,4,21,2536,181,3137,260,37,5561
material-components/material-components-android,30,371,63,464,720,66,52137,1660,68,5556
cats-oss/android-gpuimage,8,73,12,93,2243,273,10582,402,37,5542
JakeWharton/u2020,5,71,9,85,1837,14,6012,485,43,5539
singwhatiwanna/dynamic-load-apk,0,29,10,39,1701,92,3301,163,15,5521
antoniolg/androidmvp,0,1,1,2,1698,0,474,38,12,5518
stanfordnlp/CoreNLP,105,3233,714,4052,1977,136,673974,15571,138,5505
springside/springside4,0,92,47,139,2467,71,17902,1076,29,5479
ybq/Android-SpinKit,0,22,3,25,980,29,2397,90,13,5476
facebook/litho,67,966,233,1266,667,73,138967,8524,326,5474
ikew0ng/SwipeBackLayout,1,37,4,42,1918,96,2368,83,14,5470
rengwuxian/MaterialEditText,1,24,4,29,1487,183,4122,239,23,5469
amitshekhariitbhu/Android-Debug-Database,0,37,5,42,739,63,2670,288,16,5411
apache/zookeeper,10,626,190,826,3530,176,116701,3113,110,5407
amlcurran/ShowcaseView,0,20,3,23,2294,95,2913,530,43,5407
emilsjolander/StickyListHeaders,2,32,6,40,2450,151,2284,414,50,5387
swagger-api/swagger-core,66,222,91,379,2700,316,55966,4051,259,5382
leolin310148/ShortcutBadger,0,22,1,23,1836,132,1196,200,41,5378
MyCATApache/Mycat-Server,13,843,154,1010,1452,511,122134,3060,151,5346
pxb1988/dex2jar,3,409,67,479,1350,184,41647,684,12,5345
evant/gradle-retrolambda,2,4,1,7,1938,72,1885,338,25,5332
naman14/Timber,0,203,38,241,1262,172,23615,599,43,5319
google/j2objc,96,6241,1693,8030,1760,72,1339814,4308,102,5317
hackware1993/MagicIndicator,3,55,8,66,882,78,4538,154,3,5304
google/android-classyshark,1,61,12,74,1140,17,11595,609,16,5282
forezp/SpringCloudLearning,2,0,0,2,596,24,4056,50,4,5277
shwenzhang/AndResGuard,0,38,17,55,1141,27,7120,393,22,5266
lucasr/twoway-view,0,83,7,90,2137,168,3691,425,11,5266
daimajia/AndroidImageSlider,2,33,7,42,1637,287,4743,128,16,5262
daimajia/NumberProgressBar,0,1,1,2,1669,23,480,61,12,5244
facebook/rebound,0,41,11,52,1871,25,5380,185,16,5213
Qihoo360/RePlugin,2,422,73,497,535,134,43566,540,34,5195
LuckSiege/PictureSelector,0,148,29,177,690,322,19627,1191,6,5193
wyouflf/xUtils3,0,100,35,135,1124,449,14181,543,6,5174
square/otto,0,3,4,7,2342,18,2498,354,34,5166
vinc3m1/RoundedImageView,0,13,3,16,2102,20,1612,258,23,5146
eclipse/che,648,5038,1243,6929,1340,966,873924,9425,155,5121
Devlight/InfiniteCycleViewPager,2,33,5,40,825,47,4048,89,5,5118
apereo/cas,1740,1351,197,3288,2634,3,219427,22115,289,5114
Nightonke/BoomMenu,2,77,12,91,981,86,9640,195,5,5106
grpc/grpc-java,64,799,564,1427,1448,375,271724,3565,163,5085
jgilfelt/SystemBarTint,0,5,1,6,1834,38,983,64,5,5073
dmytrodanylyk/circular-progress-button,0,6,1,7,1632,31,1255,78,6,5066
dyc87112/SpringBoot-Learning,4,2,1,7,826,16,4585,265,6,5028
wyouflf/xUtils,0,151,28,179,1947,200,16146,772,3,5021
android-hacker/VirtualXposed,1,691,69,761,359,25,48132,2009,68,5017
apache/incubator-skywalking,223,714,139,1076,1114,96,87765,4558,110,5010
kickstarter/android-oss,43,145,185,373,713,4,38385,3999,25,5005
apache/flink,771,5430,1254,7455,1632,399,925625,18967,669,4996
GoogleContainerTools/jib,30,107,51,188,307,102,35907,1530,28,4992
sparklemotion/nokogiri,6,220,34,260,3786,185,17771,4574,182,4990
sockeqwe/mosby,41,136,73,250,1341,17,28215,673,45,4958
asLody/VirtualApp,0,745,81,826,872,136,47381,1189,52,4943
ben-manes/caffeine,1,298,121,420,1443,18,65642,1052,31,4904
evernote/android-job,0,97,37,134,1193,6,14227,501,26,4900
Justson/AgentWeb,0,168,26,194,562,82,13526,575,3,4900
airbnb/epoxy,132,421,143,696,839,47,47390,315,30,4884
frogermcs/InstaMaterial,0,17,7,24,1476,30,2460,126,5,4862
claritylab/lucida,1,119,40,160,1657,60,31396,2211,41,4858
Trinea/android-common,0,220,36,256,2350,17,12237,300,9,4839
davemorrissey/subsampling-scale-image-view,0,29,6,35,1917,23,4989,341,24,4838
yixia/VitamioBundle,0,75,12,87,2228,286,7865,133,7,4836
JessYanCoding/AndroidAutoSize,0,22,3,25,100,2,2862,281,3,4820
thinkaurelius/titan,33,738,160,931,2465,191,86895,5064,66,4818
aa112901/remusic,1,297,58,356,976,69,45651,129,4,4818
Blankj/awesome-java-leetcode,0,6,0,6,587,4,2311,130,2,4811
GrenderG/Toasty,0,30,1,31,676,7,563,119,13,4808
apache/cassandra,91,3858,990,4939,3475,111,464119,25256,372,4805
alibaba/freeline,0,56,7,63,844,166,6003,411,24,4794
Yalantis/Side-Menu.Android,0,6,1,7,1412,23,493,58,10,4791
gyf-dev/ImmersionBar,0,35,9,44,585,3,7102,66,2,4784
hs-web/hsweb-framework,121,259,84,464,1042,3,63332,2144,26,4783
gabrielemariotti/cardslib,11,345,49,405,1892,190,42375,652,15,4780
izzyleung/ZhihuDailyPurify,1,9,8,18,1650,0,1700,386,3,4778
zaproxy/zaproxy,123,1058,315,1496,1271,651,224075,7865,135,4772
firebase/quickstart-android,2,70,24,96,943,33,10881,727,61,4770
traex/RippleEffect,0,4,1,5,1503,52,728,111,12,4765
vipshop/vjtools,1,108,53,162,180,20,22475,355,29,4746
antlr/antlr4,5,569,127,701,3216,368,78288,7812,203,4739
prolificinteractive/material-calendarview,2,28,9,39,1385,74,5364,571,47,4734
etsy/AndroidStaggeredGrid,0,33,7,40,1812,107,4068,123,26,4730
AsyncHttpClient/async-http-client,25,311,88,424,2820,39,39698,5379,212,4724
yanzhenjie/AndPermission,0,17,11,28,805,44,4950,163,10,4720
weibocom/motan,4,228,70,302,949,327,47266,437,37,4719
commonsguy/cw-omnibus,6,804,242,1052,2449,1,127236,1075,4,4717
JakeWharton/DiskLruCache,0,9,2,11,2516,21,2079,139,14,4707
square/sqlbrite,0,21,7,28,1375,6,4564,316,35,4702
smuyyh/BookReader,1,291,73,365,844,25,37558,444,9,4677
gitpitch/gitpitch,0,82,18,100,872,14,8370,209,9,4673
guardianproject/haven,0,35,13,48,634,118,5704,691,46,4670
TooTallNate/Java-WebSocket,9,103,26,138,3231,28,18150,861,68,4664
facebook/facebook-android-sdk,22,453,117,592,3121,1,73899,775,96,4661
ACRA/acra,1,123,18,142,2257,12,13586,1321,49,4652
TeamNewPipe/NewPipe,2,280,70,352,1179,556,29479,3935,390,4642
scribejava/scribejava,24,134,16,174,3003,3,13835,926,128,4640
pardom-zz/ActiveAndroid,0,18,14,32,2201,324,4248,285,36,4630
NLPchina/ansj_seg,0,80,23,103,2272,46,15731,779,40,4605
motianhuo/wechat,0,294,49,343,1280,39,36564,77,5,4593
react-community/react-native-image-picker,1,13,3,17,1266,307,2043,549,100,4583
XRecyclerView/XRecyclerView,4,25,6,35,1103,236,5029,119,11,4579
markzhai/AndroidPerformanceMonitor,0,14,6,20,1043,33,2915,182,16,4569
Graylog2/graylog2-server,135,1178,443,1756,3114,669,186812,15631,104,4563
MindorksOpenSource/android-interview-questions,0,0,0,0,504,6,5,214,34,4546
google/closure-compiler,88,2058,572,2718,1684,767,433419,13606,932,4535
sqshq/PiggyMetrics,6,6,0,12,1337,7,3446,265,14,4508
processing/processing,2,1382,139,1523,2131,513,132963,26699,144,4497
go-lang-plugin-org/go-lang-idea-plugin,112,459,107,678,3010,424,67918,6835,90,4497
wequick/Small,0,64,10,74,1094,246,7391,948,26,4481
gocd/gocd,496,2646,1003,4145,1808,851,383966,8029,194,4481
square/moshi,1,71,31,103,1569,39,17462,699,47,4481
Clans/FloatingActionButton,0,30,6,36,1345,224,2756,155,10,4468
chentao0707/SimplifyReader,1,224,68,293,1196,39,43381,47,10,4459
mcxiaoke/android-volley,1,63,9,73,2014,70,7911,1944,55,4449
janishar/mit-deep-learning-book-pdf,0,0,0,0,597,6,2,14,3,4448
JakeWharton/NineOldAndroids,0,35,14,49,2544,42,9856,146,10,4445
hongyangAndroid/FlowLayout,0,21,1,22,1185,107,995,40,10,4444
java-native-access/jna,11,1283,179,1473,2767,45,138111,3963,199,4393
danielzeller/Depth-LIB-Android-,0,74,10,84,942,10,3910,42,9,4381
careercup/ctci,0,103,16,119,2075,76,13191,337,48,4353
knightliao/disconf,10,175,20,205,1640,180,23683,1165,16,4344
Devlight/NavigationTabBar,1,31,3,35,971,47,2684,86,10,4330
dm77/barcodescanner,2,15,9,26,1735,187,2975,201,35,4324
aporter/coursera-android,21,149,49,219,1785,29,20702,73,6,4310
elasticjob/elastic-job-lite,57,85,50,192,1171,97,25327,1603,34,4305
AndroidBootstrap/android-bootstrap,1,61,19,81,2272,40,5765,238,23,4300
square/android-times-square,0,21,3,24,2125,25,2565,351,61,4294
Activiti/Activiti,394,1187,303,1884,2264,217,184063,8743,261,4285
NLPchina/elasticsearch-sql,7,161,34,202,1554,156,18604,921,55,4269
lets-blade/blade,0,87,53,140,1264,16,22271,1280,33,4267
robolectric/robolectric,78,1250,357,1685,3011,415,152765,10047,641,4265
wasabeef/richeditor-android,0,3,1,4,1336,143,602,122,18,4258
hanks-zyh/HTextView,0,32,3,35,1072,25,3358,141,14,4258
h6ah4i/android-advancedrecyclerview,77,360,71,508,1401,156,28008,742,21,4254
andkulikov/Transitions-Everywhere,1,151,13,165,1502,4,12300,289,9,4229
yarolegovich/DiscreteScrollView,3,44,9,56,632,35,3723,96,5,4229
Ramotion/folding-cell-android,0,15,1,16,968,23,1032,103,11,4225
jdamcd/android-crop,0,22,6,28,1718,122,1847,217,25,4225
NanoHttpd/nanohttpd,1,69,17,87,2298,116,11044,611,85,4225
google/error-prone,392,660,331,1383,1557,271,187425,4044,219,4219
spring-projects/spring-mvc-showcase,4,6,12,22,2732,16,2266,73,11,4213
orhanobut/dialogplus,0,23,1,24,1444,33,1313,179,12,4206
joelittlejohn/jsonschema2pojo,2,174,53,229,1982,99,24214,1191,103,4146
castorflex/SmoothProgressBar,1,13,6,20,1824,28,2200,169,16,4136
gzu-liyujiang/AndroidPicker,0,89,16,105,1131,96,11225,342,15,4123
KeepSafe/TapTargetView,0,27,4,31,805,9,2119,164,23,4121
alibaba/UltraViewPager,0,22,5,27,606,36,2348,87,10,4108
k9mail/k-9,10,842,215,1067,2851,872,100987,10014,268,4101
Vedenin/useful-java-links,9,4,15,28,1016,1,7653,689,42,4086
barteksc/AndroidPdfViewer,0,39,11,50,906,292,4216,90,13,4085
careercup/CtCI-6th-Edition,0,222,24,246,1242,78,23992,405,25,4085
hongyangAndroid/baseAdapter,0,42,2,44,1210,112,2103,12,3,4084
haifengl/smile,19,814,183,1016,1466,29,142814,1555,46,4075
Flipboard/bottomsheet,0,34,4,38,1312,49,2786,172,25,4049
checkstyle/checkstyle,618,542,381,1541,1912,486,239801,9961,232,4037
DreaminginCodeZH/Douya,36,882,145,1063,1028,11,59133,1283,1,4034
mikepenz/Android-Iconics,1,79,7,87,1485,0,15580,887,34,4020
google/cameraview,0,12,7,19,843,169,3456,78,17,4010
Bigkoo/Android-ConvenientBanner,0,10,2,12,1433,46,1000,86,7,3999
uber/RIBs,11,115,20,146,418,40,16661,253,29,3997
alibaba/dexposed,0,48,2,50,1244,20,3002,85,9,3992
ArthurHub/Android-Image-Cropper,0,75,7,82,1410,149,6904,596,59,3991
diogobernardino/WilliamChart,0,37,13,50,1575,21,7681,497,12,3987
amitshekhariitbhu/RxJava2-Android-Samples,1,1,3,5,820,10,3643,167,20,3964
real-logic/aeron,27,815,166,1008,1752,26,85657,8743,67,3958
amitshekhariitbhu/Fast-Android-Networking,6,112,34,152,979,114,19506,645,14,3957
zetbaitsu/Compressor,0,4,1,5,890,62,452,50,9,3957
jwtk/jjwt,5,36,13,54,1534,66,10404,399,31,3949
jpush/aurora-imui,0,155,23,178,712,38,17747,1138,22,3948
lightbend/config,1,144,39,184,2546,155,15693,973,87,3935
mcxiaoke/packer-ng-plugin,0,12,7,19,1097,5,2099,221,7,3925
Yalantis/Phoenix,0,8,3,11,1413,14,986,72,10,3910
TommyLemon/APIJSON,0,415,92,507,734,8,44753,1311,7,3888
Meituan-Dianping/walle,1,47,8,56,684,37,6304,2,1,3872
roboguice/roboguice,38,432,153,623,2296,149,79017,2682,74,3866
kyleduo/SwitchButton,0,5,2,7,1538,21,1490,163,8,3861
apache/zeppelin,21,860,254,1135,1341,59,130452,5019,382,3859
JodaOrg/joda-time,5,510,225,740,2750,22,125030,2166,87,3830
HotBitmapGG/bilibili-android-client,4,98,48,150,907,7,28451,487,3,3829
bingoogolapple/BGARefreshLayout-Android,2,70,24,96,1277,89,6166,172,3,3826
pedrovgs/AndroidWiFiADB,0,3,6,9,1134,19,1535,184,7,3824
lihengming/spring-boot-api-project-seed,0,2,3,5,520,63,617,108,4,3818
Angel-ML/angel,11,1755,261,2027,579,48,179178,1632,56,3811
alibaba/otter,20,362,132,514,1934,159,85687,121,20,3808
k0shk0sh/FastHub,3,638,173,814,645,193,50546,1911,110,3793
huanghaibin-dev/CalendarView,0,148,25,173,624,126,13832,237,8,3792
rubensousa/RecyclerViewSnap,0,10,1,11,816,2,873,87,4,3788
wdullaer/MaterialDateTimePicker,1,82,11,94,1422,42,9598,442,34,3769
wuhaoyu1990/MagicCamera,0,52,22,74,1052,86,15492,36,3,3769
Alluxio/alluxio,127,1282,766,2175,2165,25,416148,29791,1062,3762
MindorksOpenSource/from-java-to-kotlin,0,0,0,0,553,4,42,110,30,3741
drakeet/MultiType,1,11,3,15,844,1,3980,327,6,3738
liyifeng1994/ssm,0,4,0,4,890,18,602,38,9,3725
yipianfengye/android-zxingLibrary,0,15,4,19,852,170,2876,76,9,3695
grantland/android-autofittextview,0,14,1,15,2841,53,739,61,5,3677
orientechnologies/orientdb,428,4174,990,5592,2177,1263,554648,22051,184,3674
nisrulz/android-tips-tricks,0,0,0,0,822,3,23,243,11,3673
rengwuxian/RxJavaSamples,0,6,0,6,976,21,1103,24,6,3667
JoanZapata/android-iconify,0,12,2,14,1992,64,6392,313,15,3665
alibaba/jstorm,36,1909,510,2455,1909,200,253939,349,49,3661
wasabeef/Blurry,0,7,1,8,1221,58,595,107,7,3660
OpenFeign/feign,3,150,60,213,1978,115,22628,945,134,3654
BoltsFramework/Bolts-Android,0,21,6,27,1760,25,5042,194,21,3615
pili-engineering/PLDroidPlayer,0,28,15,43,1272,195,5237,113,13,3606
h2oai/h2o-3,32,2237,412,2681,1728,83,220033,28338,188,3599
Ashok-Varma/BottomNavigation,0,42,6,48,981,27,3114,169,11,3592
JetBrains/ideavim,38,672,49,759,2818,24,50624,1804,47,3587
yanzhenjie/SwipeRecyclerView,0,50,6,56,844,58,6643,65,8,3586
sohutv/cachecloud,32,1890,120,2042,1034,95,72784,401,12,3580
flyway/flyway,14,207,46,267,2172,184,31822,2496,120,3562
hugeterry/CoordinatorTabLayout,1,3,0,4,667,16,695,76,2,3556
alibaba/Sentinel,12,240,50,302,235,66,34972,209,18,3554
yanzhenjie/NoHttp,0,92,17,109,1215,50,14962,209,6,3549
Karumi/Dexter,13,11,8,32,1104,36,2848,292,37,3546
react-native-community/react-native-video,0,24,5,29,1335,457,3380,925,144,3539
jgilfelt/chuck,0,12,4,16,656,42,2307,139,6,3515
baoyachi/StepView,2,10,1,13,886,36,1581,106,5,3509
rubensousa/ViewPagerCards,0,3,0,3,827,9,317,20,2,3505
dinuscxj/LoadingDrawable,0,8,11,19,953,7,4443,46,3,3499
rest-assured/rest-assured,45,362,142,549,2957,219,63255,1758,82,3496
ximsfei/Android-skin-support,6,230,10,246,682,96,14027,472,7,3496
hibernate/hibernate-orm,1201,5403,1003,7607,2974,104,885006,14727,478,3494
ChadCSong/ShineButton,0,16,1,17,873,21,1135,104,6,3494
zo0r/react-native-push-notification,5,2,2,9,1077,458,1489,368,75,3491
openhab/openhab1-addons,218,2457,570,3245,1892,302,621506,9782,562,3484
kevin-wayne/algs4,0,223,115,338,1182,15,45634,132,6,3478
luontola/retrolambda,6,70,13,89,1954,21,5065,546,18,3468
Yalantis/Context-Menu.Android,0,10,4,14,1412,14,1092,100,13,3454
timehop/sticky-headers-recyclerview,3,18,1,22,1514,77,1041,124,16,3432
rockerhieu/emojicon,1,30,4,35,1772,76,4346,151,17,3419
google/grafika,0,67,24,91,1802,40,11627,67,3,3418
MindorksOpenSource/android-mvp-architecture,0,30,17,47,667,29,6692,160,13,3417
johncarl81/parceler,12,127,10,149,1971,21,13033,517,25,3410
NYTimes/Store,3,114,27,144,726,30,14082,349,55,3397
aurelhubert/ahbottomnavigation,0,43,6,49,983,121,2947,241,21,3392
Tencent/GT,3,460,89,552,1047,37,67154,74,11,3391
lcodecorex/TwinklingRefreshLayout,0,68,16,84,998,99,6216,71,2,3391
jankotek/mapdb,0,18,10,28,2291,113,6726,2491,51,3391
baoyongzhang/SwipeMenuListView,0,15,2,17,1554,134,1436,72,12,3389
romandanylyk/PageIndicatorView,0,38,8,46,827,22,4110,305,18,3389
jeasonlzy/ImagePicker,0,56,5,61,1033,145,4298,143,14,3388
socketio/socket.io-client-java,0,3,9,12,2037,251,3829,298,14,3386
avast/android-butterknife-zelezny,0,15,2,17,1798,50,1999,84,11,3380
amirzaidi/Launcher3,8,689,117,814,544,88,71897,19728,213,3375
CellularPrivacy/Android-IMSI-Catcher-Detector,1,76,17,94,1828,144,13734,3429,141,3355
OpenTSDB/opentsdb,1,298,175,474,3012,443,100274,2163,157,3342
puniverse/quasar,26,619,157,802,2069,79,75064,3375,26,3342
PipelineAI/pipeline,88,336,78,502,1236,3,62661,5150,20,3333
xcc3641/SeeWeather,1,16,8,25,1009,5,4113,168,9,3324
MiguelCatalan/MaterialSearchView,0,34,4,38,1168,151,1401,69,10,3324
google/google-authenticator,0,26,9,35,1509,146,5054,214,36,3320
mrniko/netty-socketio,0,92,13,105,2509,222,8346,816,42,3315
topjohnwu/Magisk,0,65,16,81,808,41,8519,2298,119,3315
Manabu-GT/ExpandableTextView,0,6,1,7,1653,38,538,39,7,3306
youlookwhat/CloudReader,0,170,42,212,735,6,22326,505,5,3291
ryanhoo/StylishMusicPlayer,0,31,23,54,803,20,6730,79,5,3288
tyrantgit/ExplosionField,0,4,1,5,1159,21,393,15,3,3287
apache/incubator-heron,17,801,211,1029,1157,387,113030,5479,117,3284
chrisbanes/ActionBar-PullToRefresh,0,25,11,36,2000,68,4668,401,19,3272
yigit/android-priority-jobqueue,4,194,78,276,1619,130,16386,495,20,3268
actorapp/actor-platform,14,1398,231,1643,1253,319,168877,72,2,3267
bluelinelabs/Conductor,14,144,37,195,984,88,12974,300,31,3263
kikoso/android-stackblur,0,7,0,7,1928,17,992,72,11,3257
ivacf/archi,0,9,2,11,1171,10,2314,44,6,3253
baomidou/mybatis-plus,0,226,46,272,829,16,28253,2804,77,3253
Atmosphere/atmosphere,52,363,111,526,3070,29,50254,10252,165,3252
jfoenixadmin/JFoenix,2,126,44,172,1174,52,31191,1199,59,3249
robinhood/ticker,0,16,4,20,863,9,1878,59,6,3247
yasserg/crawler4j,2,23,3,28,2521,139,7153,440,41,3231
json-path/JsonPath,1,165,55,221,2862,156,17338,804,50,3229
Jacksgong/JKeyboardPanelSwitch,2,25,5,32,1243,48,2669,195,4,3222
yangfuhai/ASimpleCache,0,24,7,31,1946,33,2324,21,4,3221
lsjwzh/RecyclerViewPager,3,23,3,29,1408,118,2594,193,31,3217
airbnb/DeepLinkDispatch,0,24,5,29,1263,36,3378,262,40,3212
dropbox/hackpad,8,926,136,1070,1199,40,112606,43,9,3208
bauerca/drag-sort-listview,0,53,4,57,2368,62,4847,174,12,3203
xcltapestry/XCL-Charts,0,339,83,422,1630,4,37866,173,4,3198
ongakuer/CircleIndicator,0,27,3,30,1579,11,1334,91,8,3196
rabbitmq/rabbitmq-tutorials,0,38,1,39,2987,2,1969,850,90,3194
lzyzsd/CircleProgress,0,8,3,11,1487,76,1588,78,17,3192
codeestX/GeekNews,0,88,20,108,840,42,13674,101,5,3191
journeyapps/zxing-android-embedded,0,38,15,53,2188,130,6701,1241,43,3186
bluelinelabs/LoganSquare,20,128,5,153,1377,83,8946,143,9,3167
yangfuhai/afinal,0,110,15,125,2230,63,11177,123,7,3162
JesusFreke/smali,22,467,71,560,2254,99,85949,1838,31,3152
zouzg/mybatis-generator-gui,0,30,4,34,931,76,2768,200,23,3151
springfox/springfox,59,149,61,269,2394,366,40896,3795,174,3145
pengjianbo/GalleryFinal,1,81,13,95,1161,117,9584,120,5,3140
SonarSource/sonarqube,749,3260,1456,5465,2881,7,645015,28054,102,3129
orhanobut/hawk,0,2,5,7,1375,34,1064,281,23,3127
firebase/FirebaseUI-Android,7,132,34,173,1235,48,16552,1596,90,3116
spring-projects/spring-security-oauth,202,256,87,545,2679,625,59668,1365,115,3114
facebook/shimmer-android,0,5,2,7,1367,1,705,78,14,3111
tangqi92/Android-Tips,0,0,0,0,1172,1,204,144,19,3101
dongjunkun/DropDownMenu,0,9,0,9,1251,50,597,123,2,3079
dyc87112/SpringCloud-Learning,0,1,0,1,826,9,1950,68,6,3076
react-native-community/react-native-svg,0,49,6,55,1043,224,7422,1114,100,3072
stleary/JSON-java,0,7,9,16,2896,13,7183,334,33,3071
siacs/Conversations,7,390,92,489,1766,331,54505,5483,140,3069
arimorty/floatingsearchview,2,28,4,34,1099,69,4311,295,12,3068
airbnb/native-navigation,3,97,16,116,800,71,5319,143,23,3066
keyboardsurfer/Crouton,0,27,3,30,2305,6,2311,429,37,3064
Microsoft/malmo,55,117,28,200,922,93,20509,1729,39,3062
andremion/Music-Player,0,6,2,8,933,0,1146,67,3,3058
bitcoinj/bitcoinj,26,542,205,773,1832,257,120676,3602,124,3058
stephanenicolas/robospice,38,131,36,205,2258,87,18387,2287,38,3048
udacity/Sunshine-Version-2,0,24,5,29,1361,259,2631,168,4,3046
bingoogolapple/BGABanner-Android,0,30,2,32,1492,65,2452,138,4,3043
keycloak/keycloak,630,3624,831,5085,1972,44,506875,12668,379,3035
hitherejoe/animate,5,12,2,19,1105,5,2166,18,1,3018
termux/termux-app,0,65,21,86,1129,249,9745,506,30,3008
jgilfelt/android-viewbadger,0,6,1,7,2616,17,776,23,1,3001
gabrielemariotti/RecyclerViewItemAnimators,1,13,3,17,1556,9,2699,40,3,3000
nicolasgramlich/AndEngine,71,1249,87,1407,2560,118,40624,2144,34,3000
Bilibili/MagicaSakura,1,92,4,97,885,20,6878,62,8,2995
TommyLemon/Android-ZBLibrary,0,214,57,271,1193,7,20935,429,4,2995
daimajia/AndroidViewHover,0,24,1,25,1570,18,743,34,5,2993
DingMouRen/LayoutManagerGroup,0,30,3,33,211,21,3161,109,4,2992
alamkanak/Android-Week-View,0,13,1,14,1530,165,2387,213,15,2989
spring-projects/spring-security,832,597,401,1830,2511,891,228675,8469,271,2982
Meituan-Dianping/Robust,0,47,3,50,621,44,3434,345,9,2967
mybatis/generator,76,195,87,358,2114,6,91692,976,25,2966
cjlin1/libsvm,0,25,5,30,1902,88,3683,1048,41,2963
gephi/gephi,52,684,180,916,2591,414,175508,4646,81,2951
qstumn/BadgeView,0,20,1,21,655,35,1607,59,4,2930
ManuelPeinado/FadingActionBar,0,15,1,16,2010,87,2308,125,4,2924
ragunathjawahar/android-saripaar,13,39,6,58,2269,65,11769,303,12,2919
saulmm/Android-Material-Examples,0,10,0,10,1504,9,999,83,3,2916
yahoo/anthelion,3,400,58,461,1125,4,51497,7,4,2915
pedrovgs/DraggablePanel,2,24,7,33,1687,57,3847,385,10,2912
race604/FlyRefresh,0,25,3,28,1277,5,1919,43,4,2901
apache/groovy,46,3155,446,3647,1319,19,284631,28259,347,2900
Piasy/BigImageViewer,1,28,7,36,749,17,3344,96,11,2898
spring-cloud/spring-cloud-netflix,113,200,61,374,1598,307,43749,6349,201,2893
shekhargulati/99-problems,0,10,1,11,1099,7,3195,224,9,2891
davideas/FlexibleAdapter,2,190,48,240,1303,21,24276,983,21,2890
jasonross/Nuwa,0,3,0,3,1110,65,188,19,1,2878
danikula/AndroidVideoCache,0,24,17,41,1334,90,4195,93,7,2873
psaravan/JamsMusicPlayer,20,414,56,490,1607,28,61066,79,4,2862
hazelcast/hazelcast,1006,4789,1536,7331,2440,706,944505,28706,263,2861
Skykai521/StickerCamera,6,245,29,280,1239,46,21710,53,4,2851
bytedeco/javacv,1,220,36,257,1679,95,24695,435,56,2841
dmytrodanylyk/android-process-button,0,13,1,14,1668,25,940,82,4,2836
sherxon/AlgoDS,19,181,5,205,709,6,25078,603,16,2834
lovetuzitong/MultiImageSelector,0,14,4,18,1327,90,1459,29,3,2832
jersey/jersey,223,2164,624,3011,2382,552,476891,3284,107,2832
willowtreeapps/spruce-android,0,16,5,21,640,3,3517,194,10,2825
Exrick/xmall,0,280,95,375,485,10,37366,154,2,2824
JulienGenoud/android-percent-support-lib-sample,0,5,1,6,1248,1,381,36,2,2816
amulyakhare/TextDrawable,0,6,3,9,1498,51,779,11,1,2811
rubensousa/PreviewSeekBar,0,14,5,19,670,6,1261,174,3,2795
facebook/network-connection-class,0,4,3,7,1348,20,860,20,5,2793
changmingxie/tcc-transaction,3,102,15,120,1086,159,7259,173,8,2775
zzz40500/GsonFormat,0,57,10,67,1486,43,7069,98,11,2771
abel533/Mapper,9,137,22,168,1465,173,27751,649,24,2767
huangyanbin/smartTable,0,309,15,324,382,58,16440,170,3,2766
kevinsawicki/http-request,0,25,2,27,2592,69,6557,471,16,2765
donglua/PhotoPicker,0,35,2,37,1249,107,2983,313,30,2763
vavr-io/vavr,1,838,220,1059,1760,62,102835,4326,100,2754
objectbox/objectbox-java,0,150,37,187,670,115,16141,720,4,2745
aws/aws-sdk-java,19638,2363,8852,30853,3170,130,6389975,1913,185,2743
openaphid/android-flip,0,43,7,50,2378,82,4920,114,6,2739
SpecialCyCi/AndroidResideMenu,0,12,1,13,1807,92,953,76,14,2738
iammert/ScalingLayout,0,7,1,8,420,7,712,30,6,2738
spring-projects/spring-petclinic,0,5,4,9,2146,12,2131,670,58,2734
graphql-java/graphql-java,49,365,105,519,1238,42,39241,1729,136,2732
reactive-streams/reactive-streams-jvm,18,26,27,71,1731,12,10730,488,33,2731
crazycodeboy/react-native-splash-screen,0,0,0,0,802,195,202,131,41,2729
alipay/sofa-jarslink,0,25,1,26,296,6,1848,118,6,2728
yipianfengye/android-adDialog,0,12,2,14,845,20,1891,20,2,2724
oblac/jodd,17,1072,357,1446,2270,4,170602,5140,56,2721
code-troopers/android-betterpickers,10,182,16,208,2075,109,19306,586,51,2720
apache/tomcat,63,2330,562,2955,2612,12,468249,23037,39,2719
dragonflyoss/Dragonfly,1,72,8,81,375,37,6647,409,29,2715
paascloud/paascloud-master,16,149,51,216,253,35,48154,96,9,2711
HoraApps/LeafPic,0,128,28,156,1053,61,16118,1369,46,2706
jOOQ/jOOQ,47,4747,310,5104,2779,1497,360129,6939,85,2701
square/flow,2,24,10,36,1900,37,4591,353,31,2700
Bilibili/boxing,0,66,14,80,672,18,7897,107,3,2694
jiangqqlmj/FastDev4Android,1,196,29,226,1130,9,23876,122,2,2693
danylovolokh/VideoPlayerManager,5,55,15,75,1235,78,5267,73,4,2691
binIoter/GuideView,0,9,1,10,889,21,1664,28,1,2690
yui/yuicompressor,0,19,4,23,3642,142,6520,525,51,2689
qii/weiciyuan,22,530,99,651,2313,62,63558,3135,5,2688
sunfusheng/MarqueeView,0,14,2,16,907,26,778,71,9,2686
CalebFenton/simplify,8,173,61,242,1774,13,21482,1082,7,2684
databricks/learning-spark,0,3,1,4,1623,21,2242,416,8,2683
SimonVT/android-menudrawer,0,52,8,60,2276,27,5823,216,11,2677
seven332/EhViewer,2,402,74,478,1656,157,46277,2403,26,2677
CameraKit/blurkit-android,0,3,1,4,749,3,693,82,9,2674
edmodo/cropper,0,33,2,35,1950,102,1603,84,11,2671
jfinal/jfinal,2,458,69,529,2405,37,39612,513,21,2670
jfeinstein10/JazzyViewPager,0,15,1,16,2123,44,663,26,5,2665
apache/pulsar,67,1509,421,1997,880,223,269720,3113,87,2660
hmkcode/Android,0,14,1,15,1910,36,2512,57,4,2659
owncloud/android,8,592,164,764,2283,384,52017,8321,98,2652
requery/requery,4,256,84,344,1107,120,39955,830,30,2651
Yalantis/GuillotineMenu-Android,0,2,1,3,1259,6,367,44,8,2650
luojilab/DDComponentForAndroid,0,20,2,22,444,21,2178,163,7,2650
googlemaps/android-maps-utils,3,88,30,121,2018,144,15858,787,67,2647
vespa-engine/vespa,257,5420,1854,7531,905,57,694776,23418,64,2644
lygttpod/SuperTextView,0,21,3,24,767,10,5171,196,6,2636
pushtorefresh/storio,152,143,114,409,1548,39,45055,1092,25,2632
Ereza/CustomActivityOnCrash,0,4,2,6,1605,17,1179,98,8,2623
cyrilmottier/GreenDroid,0,65,12,77,3123,54,9005,69,10,2623
hongyangAndroid/Highlight,0,24,3,27,1144,59,1317,64,5,2622
Malinskiy/SuperRecyclerView,1,29,4,34,1445,79,2764,49,9,2622
junit-team/junit5,135,533,231,899,1414,191,88030,8353,114,2620
eirslett/frontend-maven-plugin,0,34,3,37,1913,223,2851,569,100,2620
MinecraftForge/MinecraftForge,8,1356,105,1469,2491,149,116367,8328,359,2605
xmuSistone/ViewpagerTransition,0,10,1,11,797,2,640,49,2,2605
bytedeco/javacpp,0,589,67,656,1679,19,24390,591,27,2605
JakeWharton/scalpel,0,4,0,4,1784,10,609,59,6,2602
beworker/pinned-section-listview,0,10,2,12,2023,27,647,88,13,2600
brianway/java-learning,7,9,5,21,1020,5,16434,73,3,2597
mzule/ActivityRouter,0,17,3,20,961,32,1190,113,8,2597
knowm/XChange,167,2307,211,2685,2488,204,222543,7454,338,2595
Tencent/MSEC,27,187,301,515,727,32,159035,201,5,2588
sunfusheng/StickyHeaderListView,0,27,3,30,947,7,2569,63,2,2588
zzhoujay/RichText,6,63,6,75,1223,57,5759,165,4,2580
LyndonChin/MasteringAndroidDataBinding,0,5,1,6,1272,24,696,79,8,2580
square/wire,1,146,85,232,1922,41,45194,1473,64,2571
JohnPersano/SuperToasts,0,29,5,34,2001,38,4036,316,5,2569
florent37/ExpectAnim,21,27,5,53,643,11,2666,87,7,2567
north2016/T-MVP,0,54,8,62,930,5,5300,173,5,2567
Marswin/MarsDaemon,0,11,5,16,1066,43,1341,4,2,2564
chennaione/sugar,3,28,26,57,2662,293,7822,525,79,2561
zwwill/yanxuan-weex-demo,0,13,2,15,446,15,19939,346,6,2558
awangdev/LintCode,134,46,2,182,1310,1,77794,339,8,2557
Teevity/ice,0,76,4,80,1990,104,6997,256,53,2550
bisq-network/bisq,41,940,167,1148,1719,304,139207,7288,144,2547
Nightonke/WoWoViewPager,8,97,16,121,997,5,9943,137,4,2545
Todd-Davies/ProgressWheel,0,3,1,4,2486,9,554,93,25,2544
yusugomori/DeepLearning,0,32,2,34,2154,26,1226,106,2,2543
pqpo/SmartCropper,0,10,1,11,479,3,1034,54,6,2542
w446108264/XhsEmoticonsKeyboard,1,94,15,110,1360,26,5682,27,4,2541
saulmm/CoordinatorBehaviorExample,0,3,1,4,1197,25,196,31,5,2539
johannilsson/android-pulltorefresh,0,2,1,3,2877,41,384,109,18,2532
jprante/elasticsearch-jdbc,0,56,29,85,2367,416,11735,566,52,2532
geftimov/android-pathview,0,7,2,9,1405,8,1080,82,11,2525
Jasonchenlijian/FastBle,1,43,8,52,824,108,4179,143,5,2523
rstudio/rstudio,61,1950,469,2480,2910,908,266185,25340,87,2521
Freeyourgadget/Gadgetbridge,15,354,100,469,1420,338,59370,3987,184,2517
eishay/jvm-serializers,0,139,48,187,3136,9,25638,536,48,2517
BelooS/ChipsLayoutManager,5,58,16,79,844,30,8088,505,7,2517
mcxtzhang/SwipeDelMenuLayout,0,5,1,6,822,36,1071,124,3,2513
GitLqr/LQRWeChat,0,145,37,182,656,24,19687,19,3,2508
mihaip/dex-method-counts,0,6,3,9,1666,14,1501,49,15,2508
oldmanpushcart/greys-anatomy,1,137,14,152,2195,59,12094,660,16,2505
kbastani/spring-cloud-microservice-example,0,0,1,1,1285,21,1229,51,9,2504
JakeWharton/ThreeTenABP,0,0,0,0,1241,8,139,56,9,2502
saulmm/Material-Movies,1,29,7,37,1394,18,3485,219,5,2502
Netflix/ribbon,25,145,42,212,2140,156,29438,839,52,2502
apache/cordova-android,0,73,18,91,2188,40,7271,4107,214,2488
JoanZapata/android-pdfview,0,26,9,35,2195,137,3580,92,10,2487
cryptomator/cryptomator,4,36,14,54,1757,107,6617,1249,23,2485
RobotiumTech/robotium,0,124,9,133,3272,86,9675,1198,50,2483
oguzbilgener/CircularFloatingActionMenu,2,10,3,15,1589,91,2038,49,3,2480
ming1016/study,0,328,62,390,1368,7,30349,97,4,2471
sharish/ShimmerRecyclerView,0,4,0,4,691,5,819,59,11,2461
crossoverJie/SSM,0,88,30,118,887,1,11383,442,6,2460
mikepenz/FastAdapter,5,168,44,217,1063,3,15173,1533,45,2457
Comcast/FreeFlow,0,35,4,39,1874,33,5021,325,12,2455
pedrovgs/Algorithms,7,31,26,64,1477,10,10699,415,12,2452
TangoAgency/material-intro-screen,4,39,7,50,804,75,5018,108,5,2452
googlesamples/android-vision,0,43,14,57,1243,266,10399,76,18,2444
MovingBlocks/Terasology,57,1682,391,2130,2823,415,241390,9681,301,2444
spring-projects/spring-data-examples,35,29,17,81,1760,31,92099,453,25,2440
yhaolpz/FloatWindow,0,7,6,13,376,46,1551,37,6,2436
balysv/material-menu,0,9,3,12,1599,6,1114,118,7,2435
yarolegovich/SlidingRootNav,0,6,3,9,609,18,1106,19,5,2433
jd-alexander/LikeButton,0,13,2,15,1068,16,1025,127,10,2433
alibaba/cobar,7,254,87,348,1775,49,89934,63,19,2432
phishman3579/java-algorithms-implementation,0,236,78,314,1831,18,30786,855,31,2431
google/binnavi,164,3517,447,4128,1194,23,455685,301,21,2420
google/hover,3,31,17,51,1077,22,7491,145,4,2418
cglib/cglib,2,792,36,830,1702,43,19134,852,26,2417
airbnb/airpal,0,74,5,79,1665,85,6634,597,36,2412
romainguy/ViewServer,0,2,4,6,2698,7,772,26,8,2410
apache/jmeter,32,764,287,1083,3105,12,195055,22565,38,2404
florent37/DiagonalLayout,0,3,1,4,772,6,402,66,10,2401
sd6352051/NiftyDialogEffects,0,0,1,1,1578,3,866,96,11,2397
ozodrukh/CircularReveal,0,25,1,26,1468,21,2464,92,15,2396
raphw/byte-buddy,298,68,13,379,1826,24,218971,5033,50,2394
bmelnychuk/AndroidTreeView,2,18,3,23,1383,107,2503,57,7,2390
MagicMashRoom/SuperCalendar,0,32,6,38,563,64,2309,162,8,2389
harjot-oberai/MusicDNA,10,316,61,387,939,12,89704,349,10,2385
apache/hbase,450,6464,1352,8266,1647,6,870384,43016,382,2382
pchmn/MaterialChipsInput,0,18,6,24,591,102,2388,24,2,2381
jhalterman/failsafe,0,39,24,63,1244,50,8423,354,17,2380
glomadrian/Grav,0,18,2,20,603,15,1397,51,3,2380
fyhertz/libstreaming,0,26,10,36,2125,220,7864,125,13,2376
wenmingvs/AndroidProcess,0,6,4,10,1041,13,2829,71,2,2376
uber/NullAway,5,142,27,174,450,32,14701,254,10,2371
languagetool-org/languagetool,124,831,114,1069,1935,272,135475,28798,135,2371
chewiebug/GCViewer,3,95,41,139,2590,54,23942,683,47,2369
pnikosis/materialish-progress,0,4,1,5,1471,17,797,45,5,2366
dreamhead/moco,11,88,58,157,2229,99,19153,2410,33,2360
stfalcon-studio/ChatKit,5,41,7,53,661,52,6014,295,24,2360
flavioarfaria/KenBurnsView,0,7,2,9,1712,10,877,113,10,2359
nisrulz/sensey,0,19,10,29,1109,21,4022,243,3,2357
DylanVann/react-native-fast-image,1,13,0,14,591,101,779,387,38,2355
500px/500px-android-blur,0,0,0,0,1353,25,271,23,5,2355
JakeWharton/Telecine,2,15,5,22,1495,37,1705,271,32,2345
apache/beam,282,2826,940,4048,1027,82,542069,19575,545,2339
youtube/api-samples,0,8,0,8,1812,167,4394,467,20,2336
githubwing/ZoomHeader,0,10,2,12,719,5,645,19,2,2329
googlesamples/google-services,0,11,6,17,1285,44,1937,629,44,2328
Screetsec/TheFatRat,28,1721,152,1901,854,36,98493,625,11,2322
LawnchairLauncher/Lawnchair,11,686,110,807,632,337,64247,19518,244,2316
iPaulPro/Android-ItemTouchHelper-Demo,0,5,0,5,1260,43,544,13,1,2312
konifar/android-material-design-icon-generator-plugin,2,2,1,5,1426,13,1038,120,14,2309
iwgang/CountdownView,0,17,4,21,1140,25,3478,98,7,2308
ronmamo/reflections,1,11,14,26,2049,89,5135,150,35,2300
hussien89aa/AndroidTutorialForBeginners,0,36,7,43,790,8,5008,35,2,2296
simple-android-framework/android_design_patterns_analysis,0,0,0,0,1366,5,340,149,16,2294
ityouknow/spring-cloud-examples,11,0,0,11,576,8,1585,61,2,2289
siyamed/android-shape-imageview,0,51,3,54,1547,52,2795,82,5,2286
abel533/MyBatis-Spring-Boot,0,0,0,0,1072,89,1132,49,2,2285
auth0/java-jwt,0,29,26,55,1724,38,8616,323,37,2282
Twitter4J/Twitter4J,1,378,74,453,3502,22,48144,2340,170,2281
rovo89/XposedInstaller,2,58,18,78,2428,139,8057,1068,56,2279
dlew/joda-time-android,0,14,4,18,1782,7,2273,334,16,2277
luckybilly/CC,0,15,8,23,367,9,5302,164,6,2276
h2oai/h2o-2,4,1162,242,1408,2118,11,112125,16955,96,2273
JackyAndroid/AndroidChromium,66,1893,395,2354,874,17,187870,68,6,2271
mpusher/mpush,0,110,44,154,941,16,25337,1565,6,2271
Nightonke/CoCoin,6,131,22,159,1135,27,21342,104,2,2271
brianfrankcooper/YCSB,6,305,82,393,3142,165,32045,1361,166,2270
goldze/MVVMHabit,0,107,21,128,492,3,11141,183,1,2267
theDazzler/droidicon,0,29,0,29,1470,8,3411,167,3,2264
aritraroy/PatternLockView,3,6,2,11,608,13,2013,41,2,2264
oracle/opengrok,7,394,125,526,2148,474,101242,4491,115,2261
eclipse/jetty.project,106,2330,670,3106,2691,377,419274,18759,129,2258
looly/hutool,2,1136,179,1317,1687,0,114709,1807,22,2256
alibaba/easyexcel,0,44,9,53,292,22,6064,76,3,2249
android-cjj/JJSearchViewAnim,1,5,1,7,966,5,1248,64,3,2242
ffay/lanproxy,0,12,5,17,735,74,2970,60,3,2242
twitter/distributedlog,33,596,129,758,1040,1,83069,107,23,2240
qiujuer/Genius-Android,1,101,25,127,1599,3,12700,649,5,2239
markushi/android-ui,0,12,2,14,1526,12,758,15,3,2237
TeamAmaze/AmazeFileManager,1,271,50,322,1595,244,39631,3726,115,2235
Prototik/HoloEverywhere,6,604,123,733,2456,49,59515,921,58,2234
thingsboard/thingsboard,81,915,168,1164,724,406,80235,2030,73,2234
vipulasri/Timeline-View,0,5,0,5,1076,6,683,61,4,2233
deano2390/MaterialShowcaseView,0,17,3,20,1208,117,1741,103,20,2231
xinghongfei/LookLook,0,83,16,99,827,25,8051,115,13,2230
apache/camel,4455,6362,1680,12497,3475,2,1645597,44636,634,2230
btraceio/btrace,1,522,76,599,1550,25,61518,1110,20,2229
Frank-Zhu/PullZoomView,1,11,4,16,1543,29,1666,27,3,2229
google/google-java-format,1,94,28,123,1294,56,17278,489,56,2228
javaee-samples/javaee7-samples,28,85,18,131,1916,98,55800,1480,66,2228
bigbluebutton/bigbluebutton,18,1573,245,1836,3106,587,128342,22995,157,2226
AriaLyy/Aria,3,166,71,240,1010,11,45437,663,6,2225
mxn21/FlowingDrawer,0,21,2,23,1199,4,2196,99,5,2225
ZieIony/Carbon,14,484,48,546,1390,6,45964,433,5,2224
mikepenz/AboutLibraries,0,17,4,21,1678,2,2950,1348,99,2220
powermock/powermock,147,349,96,592,1642,320,57516,1595,48,2218
quartz-scheduler/quartz,39,288,78,405,993,149,75583,2120,57,2218
apache/hive,483,11274,2179,13936,3475,208,1553205,18121,281,2217
square/tape,0,11,7,18,2267,19,2002,329,30,2215
JackyAndroid/AndroidTVLauncher,1,7,3,11,973,3,1342,187,4,2211
chanjarster/weixin-java-tools,16,124,23,163,1560,78,17940,416,26,2208
2dxgujun/AndroidTagGroup,0,9,1,10,1384,69,1111,72,1,2207
zhanglei-workspace/shopping-management-system,0,36,5,41,1105,12,8315,62,4,2204
stormzhang/9GAG,0,77,7,84,1684,53,5670,99,4,2204
react-native-community/react-native-blur,0,0,1,1,1326,84,287,230,47,2203
huazhiyuan2008/RecyclerViewCardGallery,0,8,0,8,815,15,529,23,4,2203
chenupt/SpringIndicator,0,7,1,8,1394,21,689,54,3,2200
ldoublem/LoadingView,0,30,20,50,887,9,4204,57,1,2199
ata4/disunity,0,40,15,55,1953,161,6098,843,13,2197
apache/incubator-dubbo-spring-boot-project,11,1,2,14,311,68,2422,206,17,2192
voldemort/voldemort,63,1040,428,1531,3465,81,206094,4959,107,2190
esoxjem/MovieGuide,0,4,9,13,1085,4,2721,197,19,2190
r0adkll/Slidr,0,44,6,50,1559,20,2888,99,10,2189
facebook/react-native-fbsdk,0,5,2,7,1210,22,2113,197,74,2187
WritingMinds/ffmpeg-android-java,2,6,3,11,1536,216,1405,178,7,2186
immutables/immutables,22,163,133,318,1967,149,54422,1668,59,2186
Yalantis/Euclid,0,3,1,4,1353,1,604,7,5,2184
jjoe64/GraphView,0,27,5,32,2701,127,6764,439,42,2184
google/data-transfer-project,17,194,22,233,325,82,25144,1385,25,2183
moezbhatti/qksms,3,123,22,148,1373,232,25146,1898,55,2183
linkedin/databus,122,924,231,1277,2169,34,177968,334,22,2182
daimajia/AnimationEasingFunctions,0,39,0,39,1610,5,1410,41,9,2179
xmuSistone/CardSlidePanel,0,10,1,11,1092,8,840,152,4,2179
alibaba/Tangram-Android,2,142,30,174,606,22,20551,282,9,2177
FinalTeam/RxGalleryFinal,4,97,16,117,947,121,11436,255,12,2174
bingoogolapple/BGABadgeView-Android,0,10,3,13,1237,18,1844,75,2,2172
balysv/material-ripple,0,6,2,8,1531,42,902,66,7,2170
square/mortar,0,19,11,30,1842,33,5048,288,32,2170
code-mc/material-icon-lib,0,7,1,8,1225,5,957,31,3,2167
mybatis/spring-boot-starter,2,2,1,5,1157,11,2599,481,16,2167
undertow-io/undertow,139,1368,231,1738,2320,20,178486,6266,141,2164
iammert/MaterialIntroView,0,19,3,22,1030,46,1707,98,11,2163
android-cjj/BeautifulRefreshLayout,0,7,0,7,1208,4,1201,79,5,2160
avast/android-styled-dialogs,0,17,4,21,2010,10,2012,289,30,2160
xfumihiro/ViewInspector,0,32,10,42,1134,13,3276,91,2,2159
bin456789/Unblock163MusicClient-Xposed,0,15,3,18,1046,87,2413,103,3,2158
wildfly/wildfly,1779,4475,756,7010,3062,51,776148,28484,418,2155
crate/crate,144,1470,633,2247,2055,79,259652,11293,67,2151
pentaho/pentaho-kettle,309,5788,1008,7105,1874,27,963444,28266,369,2150
woxingxiao/BubbleSeekBar,0,22,2,24,752,20,2062,146,6,2149
zhouchaoyuan/excelPanel,0,11,5,16,679,27,1528,24,1,2149
spring-projects/spring-loaded,11,362,77,450,2180,122,52528,244,18,2148
spockframework/spock,24,224,60,308,2905,189,33432,3240,89,2148
jaydenxiao2016/AndroidFire,0,248,46,294,790,32,29623,22,2,2146
eleme/UETool,0,25,3,28,193,2,2742,191,10,2145
web3j/web3j,10,375,73,458,812,207,35154,1233,108,2143
iSoron/uhabits,3,151,69,223,1478,110,31170,1285,26,2142
vikramkakkar/SublimePicker,0,110,14,124,1281,57,12275,53,2,2140
azkaban/azkaban,18,716,130,864,2229,500,84782,2490,102,2137
ittianyu/BottomNavigationViewEx,0,10,1,11,743,12,1428,67,7,2132
soarcn/BottomSheet,0,23,4,27,1525,12,2266,180,12,2131
aragozin/jvm-tools,3,149,92,244,2402,10,38666,376,20,2129
chrisbanes/philm,9,143,30,182,1621,13,19233,765,5,2129
AntennaPod/AntennaPod,10,330,98,438,2308,363,53127,4642,119,2126
amitshekhariitbhu/awesome-android-complete-reference,0,0,0,0,893,2,96,177,9,2126
reark/reark,4,46,17,67,1793,10,10046,415,16,2124
CrawlScript/WebCollector,0,16,14,30,1597,36,7248,320,6,2124
VictorAlbertos/RxCache,10,91,21,122,1050,13,10797,246,18,2117
watabou/pixel-dungeon,0,167,107,274,1583,49,49294,25,2,2117
code4craft/netty-learning,85,665,121,871,1893,3,105668,97,4,2116
alipay/sofa-boot,33,72,9,114,237,16,17146,231,14,2112
apache/ignite,2639,7952,2600,13191,1375,1422,1526649,29336,299,2103
linlinjava/litemall,5,309,112,426,248,15,76695,551,11,2097
yqritc/RecyclerView-FlexibleDivider,1,8,1,10,1410,22,1113,74,8,2094
oasisfeng/condom,0,172,12,184,609,5,4470,122,2,2094
mongodb/mongo-java-driver,91,1632,317,2040,3601,12,176900,7040,153,2090
zagum/Android-SwitchIcon,0,2,1,3,686,1,331,56,5,2090
apache/lucene-solr,512,8497,2096,11105,1037,261,1431288,55380,164,2090
florent37/ViewAnimator,0,3,5,8,1069,16,1934,98,9,2087
Diolor/Swipecards,0,6,2,8,1572,70,774,168,9,2087
JZ-Darkal/AndroidHttpCapture,5,125,34,164,771,28,20791,82,3,2083
javaparser/javaparser,116,915,342,1373,2583,302,181471,5167,133,2083
jdsjlzx/LRecyclerView,7,145,20,172,920,74,17754,393,11,2082
android-cjj/Android-MaterialRefreshLayout,0,19,9,28,1173,75,3342,90,7,2079
AbrahamCaiJin/CommonUtilLibrary,0,183,35,218,576,7,23741,156,3,2077
igreenwood/SimpleCropView,0,25,6,31,1223,52,4103,248,13,2076
grandcentrix/tray,0,35,21,56,1389,29,6785,315,13,2076
zaaach/CityPicker,0,16,1,17,1002,29,1383,30,1,2075
katzer/cordova-plugin-local-notifications,0,6,4,10,1933,150,4039,914,52,2074
nanchen2251/RxJava2Examples,0,18,2,20,524,5,4470,50,1,2073
androidquery/androidquery,3,305,32,340,2634,76,15976,695,8,2073
AltBeacon/android-beacon-library,2,103,33,138,1581,119,14907,1218,58,2070
facebook/device-year-class,0,1,1,2,1360,4,612,55,13,2068
Zomato/AndroidPhotoFilters,0,10,0,10,898,19,1062,41,7,2064
skavanagh/KeyBox,0,20,4,24,2117,62,9051,454,20,2063
hefuyicoder/ListenerMusicPlayer,1,122,30,153,654,16,19955,34,3,2060
Dimezis/BlurView,0,5,2,7,948,10,922,212,8,2058
AigeStudio/WheelPicker,0,7,2,9,1090,86,2619,156,10,2051
mcharmas/Android-ReactiveLocation,17,25,2,44,1762,25,2428,169,27,2049
ToxicBakery/ViewPagerTransforms,2,2,1,5,1657,6,865,83,12,2048
querydsl/querydsl,8,1006,270,1284,2669,414,147689,7635,88,2047
cymcsg/UltimateAndroid,81,3483,503,4067,1629,15,335987,905,9,2045
elye/loaderviewlibrary,0,6,1,7,821,0,477,57,11,2045
dmilicic/Android-Clean-Boilerplate,0,2,0,2,1034,2,373,23,5,2044
sockeqwe/AdapterDelegates,2,33,8,43,1215,4,3560,141,16,2044
zhou-you/RxEasyHttp,0,83,33,116,536,8,15894,207,1,2044
florent37/CameraFragment,3,48,15,66,681,84,5277,76,12,2044
apache/incubator-pinot,338,2204,405,2947,1651,202,327811,7176,86,2044
Rukey7/MvpApp,2,181,49,232,828,18,26842,123,5,2043
ltsopensource/light-task-scheduler,7,291,107,405,1493,96,54193,1048,21,2040
confluentinc/ksql,22,592,168,782,789,416,85624,3568,66,2032
tronprotocol/java-tron,18,376,218,612,334,48,110444,9429,118,2030
tyzlmjj/PagerBottomTabStrip,3,56,7,66,1190,0,3779,100,7,2028
jgilfelt/android-sqlite-asset-helper,0,5,1,6,2546,78,718,71,5,2019
H07000223/FlycoDialog_Master,0,35,8,43,1183,21,4563,76,4,2016
zcweng/ToggleButton,0,10,3,13,1547,28,1772,50,11,2016
google/wycheproof,0,28,16,44,747,12,12783,91,19,2014
fengjundev/Android-Skin-Loader,0,80,16,96,1243,30,5677,70,3,2012
google/volley,1,54,13,68,670,10,10042,2006,67,2011
konmik/nucleus,0,23,7,30,1460,7,4653,206,13,2004
apache/shiro,58,217,89,364,3375,44,69702,2104,38,2002
square/keywhiz,17,161,49,227,1341,29,24815,860,29,1999
JakeWharton/RxRelay,1,4,6,11,1062,1,2833,60,9,1999
Aspsine/SwipeToLoadLayout,3,71,21,95,1180,47,5972,173,5,1998
zjw-swun/AppMethodOrder,0,3,4,7,610,4,238,49,9,1996
AnderWeb/discreteSeekBar,0,16,5,21,1458,70,2320,43,7,1996
balsikandar/Android-Studio-Plugins,0,0,1,1,471,3,70,41,3,1994
google/rejoiner,1,17,7,25,354,14,4894,215,10,1991
bonnyfone/vectalign,0,8,6,14,1179,3,2892,73,3,1990
tjerkw/Android-SlideExpandableListView,1,12,1,14,2347,46,783,95,14,1990
PomepuyN/BlurEffectForAndroidDesign,0,5,0,5,1983,8,464,9,2,1988
gjiazhe/PanoramaImageView,0,1,0,1,704,8,417,26,2,1986
deathmarine/Luyten,0,12,6,18,1963,87,5656,143,16,1986
Naoki2015/CircleDemo,2,63,13,78,1060,17,6674,89,5,1985
Polidea/RxAndroidBle,18,140,27,185,1025,32,13122,690,37,1985
guoguibing/librec,8,162,52,222,1781,37,48576,1074,34,1984
mcharmas/android-parcelable-intellij-plugin,3,27,2,32,2124,21,2256,107,11,1984
Ramotion/paper-onboarding-android,3,5,1,9,944,17,832,43,8,1984
LaiFeng-Android/SopCastComponent,0,44,22,66,719,22,10487,33,2,1983
TheFinestArtist/FinestWebView-Android,0,19,4,23,2060,107,2521,201,13,1982
pwittchen/ReactiveNetwork,10,16,8,34,1203,15,2823,686,11,1980
lingochamp/okdownload,4,332,77,413,343,62,28497,534,4,1979
BaronZ88/MinimalistWeather,1,18,5,24,962,8,6129,126,3,1972
crazyandcoder/citypicker,0,54,6,60,927,16,6161,143,8,1969
Jude95/EasyRecyclerView,0,28,6,34,1226,92,5030,181,10,1967
MikeOrtiz/TouchImageView,0,15,1,16,2625,96,1226,85,5,1966
jackpal/Android-Terminal-Emulator,0,119,20,139,3004,118,14909,1088,84,1965
zzz40500/AndroidSweetSheet,0,25,2,27,1207,21,2223,30,5,1965
steelkiwi/cropiwa,0,52,11,63,619,34,3747,82,8,1964
zhangkaitao/es,16,289,66,371,2143,35,33115,344,5,1963
alipay/sofa-rpc,30,396,109,535,230,34,88557,178,23,1962
kymjs/KJFrameForAndroid,0,219,49,268,1631,19,25955,537,9,1956
spotify/helios,28,334,90,452,1644,5,59095,3243,56,1956
kabouzeid/Phonograph,9,168,61,238,1361,234,23275,1575,40,1954
linyiqun/DataMiningAlgorithm,0,47,16,63,1414,2,15129,92,2,1952
Devlight/NavigationTabStrip,0,5,1,6,924,30,742,31,5,1951
LWJGL/lwjgl3,267,15153,1894,17314,2163,42,649062,2905,30,1950
nutzam/nutz,7,1156,220,1383,2725,16,119607,6015,96,1947
Krupen/FabulousFilter,1,26,2,29,517,10,2308,55,3,1945
SplashCodes/JAViewer,0,48,9,57,918,9,6891,103,6,1944
fython/MaterialStepperView,1,13,1,15,474,7,1811,50,8,1941
lettuce-io/lettuce-core,176,1665,299,2140,1660,23,124432,2575,33,1940
mcxtzhang/ZLayoutManager,0,20,1,21,759,27,1735,50,3,1940
baoyongzhang/android-PullRefreshLayout,0,9,6,15,1485,35,2232,71,4,1940
prontera/spring-cloud-rest-tcc,13,41,8,62,1087,15,6967,75,3,1937
Netflix/curator,0,8,4,12,2691,9,1315,1175,27,1935
twosigma/beakerx,91,428,161,680,1818,241,91848,3339,44,1932
yingLanNull/ShadowImageView,0,5,0,5,610,3,473,37,1,1929
pmd/pmd,172,628,265,1065,2328,211,146737,14404,204,1926
guoxiaoxing/android-open-source-project-analysis,0,29,9,38,639,12,4297,639,2,1919
ApmeM/android-flowlayout,0,7,3,10,2633,27,2086,143,18,1918
jiajunhui/PlayerBase,0,111,48,159,607,16,14180,320,2,1909
evrencoskun/TableView,5,58,14,77,530,79,6840,287,9,1909
fqrouter/fqrouter,0,191,27,218,2786,63,36152,1065,3,1908
Wizcorp/phonegap-facebook-plugin,2,472,81,555,2735,427,45933,634,72,1907
JanusGraph/janusgraph,51,817,190,1058,699,348,101531,5446,123,1907
rmtheis/android-ocr,0,24,4,28,2591,1,4955,115,1,1906
white-cat/ThinkAndroid,3,144,38,185,2022,2,25744,6,1,1906
KieronQuinn/PersistentSearch,0,28,3,31,1361,28,2758,57,14,1905
skyfishjy/android-ripple-background,0,1,0,1,1479,27,180,11,3,1904
wordpress-mobile/WordPress-Android,30,1043,234,1307,2057,360,124609,34572,127,1904
googlesamples/android-Camera2Basic,0,9,1,10,1613,111,1008,28,3,1904
elevenetc/TextSurface,0,38,5,43,1139,7,2757,14,2,1901
AweiLoveAndroid/CommonDevKnowledge,0,2,0,2,345,4,213,33,3,1900
EverythingMe/overscroll-decor,11,38,5,54,1099,28,2676,56,4,1899
Yalantis/Horizon,0,10,1,11,978,16,962,26,3,1895
Red5/red5-server,2,61,25,88,1832,26,19001,456,14,1894
tiann/understand-plugin-framework,0,21,0,21,1032,4,2358,48,4,1893
jjdxmashl/jjdxm_ijkplayer,1,27,6,34,909,77,5555,53,2,1888
lisawray/groupie,0,61,9,70,815,34,3983,175,32,1888
promeG/TinyPinyin,0,2,1,3,1152,16,2997,22,3,1888
spring-cloud-incubator/spring-cloud-alibaba,25,42,1,68,359,17,10535,284,18,1887
novoda/android-demos,1,79,17,97,3409,1,9093,421,35,1886
addthis/stream-lib,0,43,32,75,2812,32,11177,398,51,1886
RomainPiel/Shimmer-android,0,5,0,5,1725,13,507,39,5,1882
flavienlaurent/datetimepicker,0,38,5,43,2002,58,3669,73,11,1881
jMonkeyEngine/jmonkeyengine,17,3091,450,3558,1711,131,324368,7021,159,1881
yanzhenjie/Album,0,75,8,83,753,57,11112,161,7,1880
fanrunqi/MaterialLogin,0,0,0,0,843,2,218,36,7,1879
nanchen2251/CompressHelper,0,11,3,14,619,19,1049,51,3,1877
FasterXML/jackson-databind,31,1497,326,1854,2529,324,147069,5244,171,1877
jboss-javassist/javassist,1,778,126,905,2011,91,102631,892,33,1874
Karumi/Rosie,13,20,19,52,1101,14,9596,514,19,1871
niorgai/StatusBarCompat,0,11,0,11,979,0,773,37,3,1871
linkedin/rest.li,252,2902,538,3692,2186,23,365276,2010,101,1870
reactor/reactor-core,11,563,532,1106,1111,69,174852,2418,87,1868
ethereum/ethereumj,2,455,200,657,1657,77,101622,5558,98,1866
Bukkit/Bukkit,4,455,63,522,2884,63,56802,1510,131,1865
JingYeoh/FragmentRigger,0,30,13,43,374,7,4617,147,7,1864
MindorksOpenSource/PRDownloader,0,7,5,12,379,52,4051,117,5,1864
gongwen/MarqueeViewLibrary,0,6,2,8,705,11,1140,52,3,1864
tvbarthel/BlurDialogFragment,0,8,3,11,1569,30,1693,173,12,1863
hitherejoe/Android-Boilerplate,0,4,1,5,1332,7,1536,58,4,1862
Mojang/brigadier,2,26,21,49,1532,24,5504,179,13,1859
gotev/android-upload-service,1,48,7,56,1888,18,6243,616,23,1859
XunMengWinter/CircularAnim,0,3,2,5,858,4,725,107,5,1856
JessYanCoding/ProgressManager,0,11,3,14,537,1,89226,92,3,1854
http-kit/http-kit,0,54,15,69,2448,54,6954,521,67,1853
M66B/XPrivacy,0,170,17,187,2009,71,21674,8156,91,1850
seiginonakama/BlockCanaryEx,0,27,6,33,629,20,4443,95,6,1849
yadav-rahul/TastyToast,0,12,6,18,861,16,974,67,4,1849
vert-x3/vertx-examples,6,82,21,109,1370,15,17767,1148,92,1848
detro/ghostdriver,1,3,6,10,2440,157,4121,692,59,1846
NLPIR-team/NLPIR,0,65,10,75,1301,123,7002,352,9,1843
igniterealtime/Smack,68,642,175,885,1756,14,175739,3706,97,1840
pakerfeldt/android-viewflow,0,15,3,18,2759,49,1961,123,16,1835
alexvasilkov/GestureViews,0,93,22,115,1640,8,10816,383,4,1835
Yalantis/StarWars.Android,0,29,5,34,1077,5,2162,23,4,1834
kiegroup/drools,326,4963,1129,6418,2837,7,771336,15108,197,1831
akaxincom/openzaly,1,373,469,843,304,1,208239,724,6,1830
alibaba/TProfiler,0,16,4,20,2413,21,3794,59,12,1829
mthli/Knife,0,24,2,26,1082,18,1469,76,3,1826
gouthampradhan/leetcode,3,93,2,98,626,0,18239,272,5,1826
pilgr/Paper,0,9,8,17,1263,17,2244,205,17,1825
floragunncom/search-guard,8,173,25,206,1281,22,18351,2744,20,1825
WVector/AppUpdate,0,34,7,41,524,59,3457,174,7,1824
Froussios/Intro-To-RxJava,0,1,23,24,1339,23,9445,310,10,1823
libgdx/packr,0,2,2,4,1704,48,896,218,20,1821
apache/nutch,5,532,79,616,3475,21,79012,3653,83,1821
Yalantis/FlipViewPager.Draco,0,10,1,11,1325,6,678,14,8,1820
ninjaframework/ninja,23,232,83,338,2360,111,47978,2211,93,1818
cucumber/cucumber-jvm,39,150,71,260,2708,21,29099,3838,265,1815
coobird/thumbnailator,4,47,29,80,1219,57,35001,522,1,1814
Netflix/archaius,28,75,17,120,2389,81,13778,1172,59,1814
hyb1996/Auto.js,8,532,135,675,667,40,49092,747,5,1813
java8/Java8InAction,0,22,6,28,1854,14,3858,61,9,1812
